Employee_ID;Employee_Name;Age;Country;Department;Position;Salary;Joining_Date
17648;Mia Jackson;51;India;Sales;Developer;125144.27;29/09/2015
16986;Lucas Wilson;38;Mexico;Sales;Developer;81947.97;7/01/2023
20405;Lucas Davis;54;India;HR;Manager;126268.64;22/06/2016
5923;Mia Jackson;25;India;HR;Manager;54797.72;19/12/2016
8721;Daniel Jackson;30;UK;Marketing;Manager;84105.24;8/06/2020
279;Daniel Martinez;48;Germany;HR;Manager;148846.31;7/04/2024
358;Sophia Wilson;22;UK;Marketing;Analyst;123267.61;23/05/2022
4879;Daniel Brown;38;Mexico;Marketing;Consultant;43937.17;1/02/2021
6271;Mia Davis;25;Mexico;Support;Manager;119653.05;26/03/2022
3645;Mia Taylor;41;Canada;Support;Analyst;135380.54;13/08/2024
29067;Lily Taylor;29;India;Support;Executive;125155.34;26/09/2023
18425;Sophia Hernandez;34;India;Support;Assistant;72792.19;17/02/2022
12965;Ethan Davis;47;Mexico;Sales;Manager;65514.75;14/09/2016
23038;Emma Hernandez;52;UK;Support;Analyst;60146.52;27/09/2023
4478;Emma Moore;52;Brazil;Finance;Manager;127238.38;14/03/2024
1626;Lily Martinez;45;Japan;Support;Analyst;85661.21;8/01/2021
2638;Ethan Thomas;56;Brazil;Marketing;Consultant;109376.8;29/06/2016
6170;Lily Davis;44;USA;Sales;Developer;36294.72;13/02/2018
16684;Ethan Wilson;43;USA;Finance;Developer;93707.67;11/05/2015
5795;Mason Martinez;25;France;Marketing;Executive;73056.98;8/04/2018
13246;Lily Moore;30;India;Finance;Manager;44486.25;3/02/2024
4530;Sophia Wilson;57;Brazil;Finance;Executive;146731.52;28/12/2024
23112;Lucas Wilson;33;Brazil;Marketing;Consultant;107629.81;9/10/2015
1642;Sophia Taylor;31;Germany;Support;Developer;57712.43;24/06/2024
17590;Logan Taylor;58;Mexico;Sales;Assistant;71499.38;21/04/2017
27737;Emma Davis;28;India;Support;Assistant;104717.51;10/02/2022
16990;Emma Martinez;57;USA;HR;Assistant;80438.71;23/03/2019
14721;Emma Anderson;43;USA;Marketing;Manager;119537;12/09/2021
6169;Sophia Moore;42;Australia;Marketing;Consultant;41948.29;5/06/2020
19641;Daniel Brown;25;Germany;Sales;Developer;146594.21;23/08/2023
27880;Daniel Anderson;53;India;Support;Assistant;87021.17;25/09/2018
6287;Mason Davis;51;Germany;Sales;Analyst;92378.91;12/08/2022
16737;Mason Jackson;22;Canada;HR;Consultant;103117.08;14/09/2019
24372;Daniel Davis;52;France;Sales;Manager;136320.89;22/03/2024
20688;Lily Taylor;44;Brazil;Finance;Assistant;32284.23;21/09/2021
3298;Lily Moore;48;France;Sales;Developer;77124.38;19/05/2022
19447;Ethan Wilson;26;Japan;HR;Assistant;106379.14;19/03/2017
26067;Ava Taylor;54;USA;Engineering;Developer;44774.49;30/04/2022
11289;Daniel Wilson;50;France;Sales;Manager;34529.12;24/09/2016
17427;Lucas Brown;51;UK;Engineering;Developer;85548.82;17/06/2015
15867;Mia Taylor;51;Brazil;Support;Developer;65984.78;24/11/2021
10330;Emma Brown;38;USA;Sales;Executive;136240.67;9/07/2022
17638;Ethan Anderson;36;France;Finance;Executive;35693.65;5/06/2019
27159;Daniel Thomas;54;Japan;Support;Assistant;39850.06;15/07/2022
26958;Daniel Martinez;29;Canada;Marketing;Executive;56836.8;10/08/2019
29732;Daniel Brown;27;Canada;Sales;Manager;76247.39;20/09/2018
5536;Mason Taylor;39;Brazil;Finance;Manager;121734.77;23/07/2022
13257;Mia Hernandez;58;India;Marketing;Analyst;75135.64;19/05/2023
6484;Emma Brown;42;Germany;Support;Assistant;39856.05;28/06/2023
9748;Ava Davis;54;Mexico;Finance;Developer;94503.11;11/01/2021
17956;Lily Thomas;52;Japan;Marketing;Consultant;148026.17;20/03/2018
3135;Logan Anderson;27;Canada;Support;Consultant;41372.45;27/10/2015
2294;Lily Hernandez;24;Germany;Support;Assistant;97486.76;6/12/2016
26013;Sophia Martinez;51;USA;Marketing;Executive;78802.23;14/03/2015
21687;Logan Jackson;45;Canada;HR;Consultant;101972.31;26/10/2024
10938;Mason Martinez;39;Canada;Support;Executive;137871.71;21/09/2016
25423;Sophia Davis;51;France;Finance;Consultant;79444.61;11/06/2021
2218;Lucas Brown;33;Brazil;Engineering;Consultant;93155.38;21/08/2021
27848;Lily Wilson;45;India;Sales;Developer;77137.75;2/05/2019
5395;Daniel Anderson;46;USA;Marketing;Assistant;106356.83;9/04/2022
23655;Logan Wilson;50;France;Engineering;Assistant;57259.21;17/11/2021
11204;Ava Taylor;34;France;Finance;Consultant;38338.17;6/03/2023
21627;Ethan Hernandez;52;UK;HR;Manager;129006.21;4/08/2020
6268;Lucas Brown;35;Brazil;Engineering;Developer;80316.52;6/05/2020
2881;Mason Davis;39;France;HR;Consultant;76577.27;26/12/2018
18625;Sophia Jackson;58;USA;Sales;Developer;131065;20/12/2017
3555;Logan Wilson;52;France;Finance;Consultant;91178.04;16/12/2020
9444;Lily Hernandez;48;Mexico;HR;Analyst;139829.57;24/03/2023
14739;Mia Davis;55;France;Sales;Executive;140822.15;4/02/2022
20317;Mia Anderson;42;France;Marketing;Assistant;41530.43;12/03/2022
21481;Ava Wilson;22;Canada;Marketing;Developer;128974.49;15/06/2015
15718;Sophia Taylor;55;India;Engineering;Assistant;142687.31;28/04/2020
10418;Emma Martinez;28;Germany;Engineering;Analyst;35395.27;26/09/2022
17904;Lucas Jackson;26;Mexico;Support;Executive;87264.45;29/09/2018
12495;Sophia Hernandez;51;Canada;Marketing;Assistant;134667.96;8/01/2017
13123;Ava Thomas;53;India;Finance;Assistant;43858.05;9/09/2020
6500;Lucas Taylor;39;India;Sales;Developer;133775.18;9/10/2023
28725;Ethan Taylor;28;India;Engineering;Manager;46101.54;26/07/2019
11715;Lucas Jackson;43;USA;Marketing;Developer;140123.98;11/06/2016
10467;Ethan Davis;27;UK;Marketing;Manager;89018.4;24/05/2019
7321;Sophia Martinez;24;India;Finance;Analyst;142120.43;23/08/2015
25894;Logan Wilson;60;Japan;HR;Executive;108420.23;31/01/2016
15495;Mason Anderson;29;Japan;Sales;Executive;142579.3;3/05/2019
25680;Logan Taylor;24;USA;Support;Developer;64122.19;15/02/2021
11536;Lucas Anderson;28;Brazil;Support;Analyst;51480.69;29/08/2022
15775;Ethan Moore;47;USA;Engineering;Assistant;71326.16;24/03/2023
21855;Daniel Jackson;53;Mexico;Sales;Analyst;68572.1;8/07/2024
18536;Emma Moore;22;Brazil;HR;Manager;45455.43;5/03/2025
16921;Ethan Anderson;42;Australia;Engineering;Analyst;47573.86;22/06/2022
23290;Emma Davis;42;Canada;Engineering;Executive;78816.57;7/03/2016
7874;Daniel Moore;52;Australia;Finance;Analyst;79594.43;16/02/2019
26313;Logan Taylor;39;UK;HR;Consultant;77287.58;21/05/2018
24778;Emma Moore;53;Germany;HR;Analyst;44144.76;13/05/2023
17550;Mia Davis;34;UK;HR;Developer;50139.11;10/06/2022
9483;Daniel Martinez;36;Japan;Sales;Consultant;76744.77;8/07/2016
6635;Mason Jackson;54;Australia;Sales;Executive;62551.15;4/03/2016
3388;Lily Thomas;59;India;Sales;Assistant;62712.39;19/06/2019
4874;Mia Anderson;43;Canada;Engineering;Assistant;93375.56;3/11/2020
26068;Lucas Hernandez;47;Japan;Support;Developer;138779.18;2/08/2015
26489;Logan Wilson;51;India;Support;Executive;87381.26;5/12/2019
1310;Emma Anderson;59;USA;Sales;Developer;90774.82;24/04/2019
29973;Ava Jackson;60;Germany;HR;Assistant;76186.81;20/09/2015
4041;Sophia Martinez;60;Mexico;HR;Analyst;104712.93;6/04/2017
3268;Ava Anderson;34;Mexico;Sales;Developer;45406.89;15/08/2022
19845;Logan Davis;35;France;Marketing;Developer;112156.27;13/10/2021
24561;Daniel Jackson;27;France;Engineering;Analyst;36090;11/06/2021
19298;Mia Martinez;36;France;Finance;Manager;149118.71;8/01/2017
11161;Ava Davis;24;Mexico;HR;Developer;70700.68;15/11/2024
5172;Emma Taylor;32;Canada;Support;Consultant;56900.76;9/10/2015
3122;Daniel Thomas;25;Australia;HR;Executive;45502.44;16/01/2016
14470;Mia Jackson;57;Australia;Support;Analyst;58493.16;26/11/2015
8295;Ethan Taylor;59;Australia;Engineering;Analyst;144279.15;26/05/2022
11409;Lily Taylor;51;Mexico;Marketing;Consultant;98713.06;10/01/2022
8269;Lucas Jackson;22;France;Support;Manager;45049.83;20/07/2015
23896;Mia Wilson;35;Canada;Finance;Assistant;148556.58;21/01/2022
11900;Mason Brown;59;Japan;Engineering;Consultant;143661.84;5/05/2022
25235;Logan Anderson;27;Australia;Engineering;Executive;109805.92;4/03/2020
8683;Mia Wilson;55;Brazil;Sales;Consultant;102048.23;28/07/2016
6965;Lily Wilson;56;Australia;Sales;Consultant;80535.17;24/07/2024
21188;Ava Wilson;45;Australia;Marketing;Consultant;56903.39;27/07/2023
27184;Logan Jackson;52;France;Marketing;Executive;126887.91;14/05/2021
232;Daniel Brown;43;Germany;Support;Assistant;103482.5;1/03/2022
14499;Lily Moore;59;India;Sales;Assistant;35598.87;29/10/2015
18394;Lucas Anderson;47;Brazil;Sales;Consultant;72012.7;3/01/2022
28820;Mia Brown;47;Canada;Marketing;Developer;50089.15;29/07/2021
27817;Ethan Hernandez;32;France;Marketing;Manager;35665.31;17/03/2016
17633;Daniel Anderson;36;Australia;Marketing;Assistant;79286.31;1/01/2020
7262;Ethan Thomas;59;Australia;HR;Manager;83035.91;7/01/2017
4080;Daniel Hernandez;26;Australia;HR;Manager;128473.34;31/12/2019
2710;Mason Anderson;55;Japan;HR;Assistant;51187.27;8/10/2020
23950;Emma Wilson;52;Germany;Finance;Executive;69190.39;28/01/2019
1817;Ethan Jackson;26;Japan;Support;Consultant;56427.64;7/04/2024
29053;Mason Moore;41;India;Support;Analyst;93629.19;22/06/2021
9579;Sophia Martinez;29;Canada;Engineering;Developer;88160.14;29/08/2020
21044;Lily Davis;30;UK;Marketing;Developer;140449.51;21/07/2024
14706;Sophia Jackson;43;France;Support;Assistant;135022.98;2/02/2023
10737;Ava Anderson;31;France;Support;Consultant;112130.44;21/12/2022
5228;Lily Jackson;27;Germany;HR;Assistant;41035.54;7/11/2021
3794;Ethan Hernandez;27;Brazil;Support;Developer;73829.24;19/11/2020
20571;Ethan Davis;56;Japan;Engineering;Consultant;72740.71;3/03/2017
7423;Lily Taylor;44;Brazil;Marketing;Executive;111744.72;6/05/2024
1477;Ethan Davis;33;Canada;Sales;Assistant;61598.98;23/05/2018
627;Daniel Moore;52;India;Finance;Executive;69232.83;16/03/2023
25879;Ethan Davis;46;Canada;Finance;Consultant;83236.95;21/09/2022
17087;Ethan Hernandez;31;France;Sales;Consultant;137855.07;12/08/2021
24080;Lily Hernandez;41;France;Sales;Assistant;39608.63;6/09/2017
16813;Mia Anderson;48;USA;Engineering;Consultant;81176.01;26/03/2018
13832;Sophia Davis;40;Mexico;Finance;Manager;146345.56;29/11/2020
16740;Lily Anderson;27;Australia;Marketing;Manager;43101.74;10/04/2015
22795;Mia Hernandez;30;Australia;Sales;Executive;42799.2;19/08/2016
6889;Ethan Martinez;33;UK;Sales;Executive;110815.57;9/12/2015
11553;Sophia Martinez;27;Mexico;Sales;Assistant;110049.56;28/09/2024
1447;Mia Moore;37;Germany;Engineering;Analyst;83404.83;17/12/2022
14172;Emma Wilson;44;Japan;Support;Analyst;77698.25;23/04/2024
14687;Lucas Brown;27;USA;Sales;Executive;126962.18;26/12/2019
19653;Emma Wilson;52;Brazil;HR;Executive;134641.46;7/08/2017
19438;Ethan Davis;55;UK;Marketing;Executive;147438.53;8/05/2017
27248;Mason Moore;27;Japan;Support;Developer;64434.85;19/01/2022
18618;Daniel Martinez;48;Japan;HR;Analyst;66631.32;9/02/2021
5384;Daniel Davis;40;Japan;Support;Assistant;67679.97;10/02/2017
11155;Emma Taylor;31;Canada;Engineering;Consultant;81765.86;27/07/2018
9147;Logan Martinez;58;Japan;Sales;Manager;44938.74;20/11/2024
25635;Daniel Martinez;36;Mexico;Engineering;Analyst;113208.95;19/10/2024
24213;Emma Anderson;49;France;Finance;Developer;59580.62;6/06/2015
14974;Sophia Anderson;40;USA;Finance;Consultant;115314.62;5/05/2024
12503;Mason Wilson;22;Mexico;Sales;Executive;132935.29;19/04/2023
20010;Lucas Martinez;52;USA;Engineering;Manager;80275.79;15/12/2018
13497;Ethan Davis;40;Japan;Support;Consultant;45954.92;5/11/2020
17114;Ava Davis;57;Canada;Support;Executive;147676.76;9/02/2021
21211;Ethan Anderson;44;USA;Sales;Developer;61589.19;14/03/2015
14150;Logan Taylor;27;Brazil;Finance;Assistant;50642.65;21/08/2019
10014;Daniel Wilson;29;Japan;HR;Assistant;146028.39;10/08/2021
25117;Mia Anderson;39;Germany;Support;Developer;81617.42;17/01/2021
10574;Mason Hernandez;24;Japan;HR;Consultant;97596.02;4/01/2019
28980;Sophia Davis;42;France;Marketing;Executive;94443.83;16/08/2020
14165;Ava Hernandez;57;India;HR;Executive;37735.62;23/06/2020
9711;Daniel Moore;43;Mexico;Engineering;Consultant;149451.02;27/06/2017
806;Ava Jackson;56;Brazil;Marketing;Analyst;87885.76;8/01/2021
7703;Logan Hernandez;51;Canada;Finance;Assistant;148261.33;21/07/2020
6292;Ava Taylor;25;Australia;HR;Consultant;147827.19;26/11/2017
4181;Mia Hernandez;33;Brazil;Support;Manager;85952.65;7/08/2021
25602;Logan Davis;60;USA;Marketing;Manager;71636.64;20/07/2018
9935;Mason Jackson;50;India;Engineering;Consultant;84828.41;26/08/2021
12987;Mason Anderson;58;Australia;Engineering;Manager;100113.6;3/01/2018
23832;Mia Thomas;40;India;Finance;Assistant;117844.76;21/04/2018
21121;Emma Moore;55;France;Support;Analyst;72961.76;12/08/2017
21027;Logan Brown;44;Germany;Engineering;Executive;141293.82;10/03/2017
13821;Mason Moore;24;Brazil;Sales;Consultant;128252.22;11/10/2016
21094;Daniel Thomas;42;France;Sales;Developer;115022.57;3/11/2016
17887;Logan Wilson;50;Germany;Support;Developer;38003.18;19/11/2016
8690;Mason Anderson;33;France;Marketing;Manager;73686.85;15/08/2015
23467;Daniel Martinez;33;UK;Engineering;Manager;135524.37;14/11/2019
18046;Ava Anderson;47;UK;HR;Analyst;79975.01;11/02/2023
28192;Lily Brown;34;France;Finance;Executive;89293.93;21/10/2015
15783;Lily Anderson;58;Japan;Sales;Manager;50572.85;26/04/2022
4748;Lily Davis;31;Brazil;Engineering;Assistant;111203.81;25/05/2022
10193;Sophia Martinez;34;UK;Sales;Manager;75277.02;5/11/2016
8076;Ava Jackson;40;France;Engineering;Executive;91992.64;6/01/2025
14726;Lucas Jackson;52;UK;HR;Analyst;85557.78;1/02/2017
23637;Ethan Hernandez;48;Germany;Sales;Manager;82811.02;17/04/2018
26655;Logan Martinez;56;USA;HR;Assistant;86983.05;7/02/2022
28444;Ava Davis;55;UK;Marketing;Executive;39696.35;4/11/2024
5132;Emma Brown;30;Brazil;Engineering;Consultant;97833.87;5/10/2018
6833;Daniel Jackson;23;Germany;Finance;Manager;109792.11;12/01/2021
4543;Lily Wilson;33;USA;Finance;Developer;131586.43;19/09/2022
4399;Daniel Thomas;53;Japan;Finance;Executive;42872.52;22/06/2024
2518;Lucas Moore;57;Japan;HR;Manager;49416.81;9/07/2019
14385;Mia Martinez;52;Japan;Sales;Assistant;92431.38;1/07/2021
19261;Sophia Thomas;44;UK;Sales;Consultant;31572.38;8/07/2020
4078;Ethan Martinez;38;France;Finance;Analyst;44531.97;12/07/2024
9097;Mia Jackson;50;UK;Finance;Assistant;32526.43;19/10/2024
25670;Ava Martinez;26;Australia;Engineering;Executive;75221.53;30/07/2022
8525;Mia Thomas;55;Mexico;Engineering;Executive;54521.24;2/07/2018
25594;Mia Anderson;38;Australia;Marketing;Developer;79192.68;8/09/2019
20893;Mia Jackson;51;Germany;Marketing;Analyst;148563.76;17/05/2020
26111;Lily Martinez;51;Canada;Engineering;Manager;113747.69;5/01/2022
8894;Ava Moore;23;Japan;Sales;Manager;32638.16;27/02/2023
18066;Ethan Taylor;37;Brazil;Support;Executive;90875.99;8/11/2021
3195;Mason Jackson;53;USA;Marketing;Developer;101858.07;28/02/2025
8248;Logan Thomas;54;Mexico;Sales;Developer;105593.91;6/02/2018
29543;Mia Thomas;49;France;Finance;Manager;83080.24;17/03/2021
22576;Ava Davis;25;France;HR;Developer;104970.17;14/01/2016
10209;Lucas Martinez;54;USA;Marketing;Assistant;125973.49;21/12/2023
3038;Mia Moore;47;Mexico;Finance;Manager;46010.61;13/01/2021
12692;Ava Wilson;37;Mexico;Sales;Manager;94575.39;19/02/2022
12626;Daniel Jackson;46;Mexico;Finance;Developer;125763.25;17/06/2020
13786;Lucas Thomas;58;India;Finance;Analyst;112905.01;11/09/2024
7022;Lucas Brown;59;Japan;Support;Consultant;52859.48;1/02/2024
22086;Daniel Moore;47;Brazil;Marketing;Consultant;66858.04;23/03/2018
18006;Daniel Davis;24;Canada;Support;Developer;46096.38;29/08/2024
28498;Mason Thomas;46;Canada;Support;Consultant;60240.56;27/08/2018
24701;Lucas Taylor;29;India;Marketing;Assistant;110728.66;28/12/2024
15472;Ava Moore;40;Germany;Marketing;Assistant;72618.68;26/12/2019
23804;Sophia Hernandez;42;Australia;Sales;Analyst;116195.46;29/04/2021
22611;Daniel Thomas;48;India;Support;Analyst;99768.74;27/06/2021
28180;Emma Martinez;30;Mexico;Finance;Manager;42637.47;20/10/2015
1326;Emma Thomas;24;France;Support;Developer;87926.91;2/01/2017
25755;Daniel Wilson;49;USA;Engineering;Executive;46790.94;18/08/2022
18831;Emma Taylor;32;France;Engineering;Executive;133542.59;20/01/2019
13018;Lily Brown;26;UK;Engineering;Assistant;116286.32;10/06/2019
6780;Ethan Jackson;39;France;Support;Executive;97778.98;6/03/2021
16643;Mia Martinez;37;Mexico;HR;Consultant;145130.12;14/02/2021
9783;Ethan Taylor;40;UK;Finance;Analyst;48227.18;12/01/2025
17360;Lily Martinez;39;Mexico;Marketing;Executive;80347.37;1/01/2025
19141;Mia Wilson;54;Mexico;HR;Consultant;61688.71;12/05/2023
16720;Mason Taylor;51;Australia;Engineering;Assistant;120135.36;29/11/2018
28384;Lucas Moore;29;USA;HR;Executive;41409.21;7/10/2017
29225;Ethan Martinez;23;Canada;Marketing;Manager;60434.6;1/01/2019
3703;Daniel Anderson;23;Brazil;Sales;Consultant;90564.41;14/03/2020
27911;Mason Anderson;60;France;HR;Manager;132837.07;27/04/2020
13241;Mia Martinez;51;Australia;Support;Assistant;101100.14;26/04/2020
17236;Ethan Moore;25;Japan;Engineering;Executive;97344.53;30/04/2020
24180;Emma Moore;43;France;Support;Consultant;144157.8;25/11/2016
9552;Sophia Brown;47;Germany;Marketing;Manager;101285.73;12/07/2016
12701;Daniel Martinez;42;Canada;Engineering;Developer;77186.91;4/10/2023
20337;Lucas Anderson;39;USA;Marketing;Developer;139588.18;27/12/2015
11343;Ava Brown;52;Japan;Marketing;Executive;120618.18;14/08/2024
13987;Mason Hernandez;34;India;HR;Developer;135830.51;24/07/2023
741;Logan Martinez;57;USA;Engineering;Analyst;111535.7;26/03/2016
12442;Ava Martinez;52;France;Support;Developer;98306.09;14/02/2019
850;Lily Martinez;37;Germany;HR;Executive;36819.94;5/09/2023
23559;Daniel Jackson;53;UK;Support;Developer;96006.55;29/03/2016
13101;Logan Davis;40;Brazil;HR;Manager;67374.84;16/05/2024
7830;Sophia Wilson;22;France;Finance;Assistant;95040.4;5/09/2018
27475;Mason Brown;59;Japan;Engineering;Developer;147664.03;15/09/2019
19927;Mia Anderson;52;Brazil;Engineering;Developer;107149.18;1/03/2023
25776;Lucas Thomas;31;Canada;Engineering;Consultant;45279.33;14/03/2015
9928;Logan Thomas;40;Brazil;Engineering;Assistant;122958.65;15/04/2022
5628;Sophia Taylor;60;USA;HR;Developer;106238.61;29/03/2017
22299;Mia Brown;25;Japan;Marketing;Analyst;121446.77;1/06/2022
18396;Daniel Moore;28;France;Sales;Executive;71516.5;28/06/2016
10198;Mason Davis;45;Germany;Engineering;Executive;113969.44;26/09/2020
8464;Ethan Taylor;24;Mexico;Support;Executive;51378.52;31/05/2021
29678;Daniel Jackson;49;Germany;HR;Analyst;92891.04;14/08/2024
29622;Lily Brown;29;Brazil;Engineering;Consultant;44666.92;11/07/2024
12331;Sophia Brown;28;USA;Engineering;Analyst;66403.96;29/01/2017
393;Lily Moore;32;UK;Marketing;Analyst;35846.67;21/12/2024
20868;Daniel Martinez;49;Mexico;Marketing;Executive;139686.2;31/01/2016
24625;Logan Martinez;53;Canada;Engineering;Developer;112736.59;2/11/2017
18847;Mason Jackson;51;Australia;Marketing;Analyst;106840.09;15/03/2021
3166;Logan Brown;32;Australia;Support;Assistant;62764.24;13/02/2016
8495;Ethan Jackson;48;USA;Marketing;Manager;89308.45;25/02/2025
29605;Ava Taylor;57;Australia;Marketing;Consultant;38640.47;9/11/2019
7405;Lily Thomas;37;Mexico;Support;Analyst;77047.46;18/02/2022
23968;Logan Hernandez;41;UK;Sales;Assistant;140720.88;16/01/2021
8132;Lily Jackson;38;Australia;Support;Analyst;44881.41;26/02/2020
18827;Logan Jackson;46;Brazil;Finance;Assistant;71077.32;30/10/2019
19058;Sophia Anderson;53;Brazil;HR;Developer;113848.72;9/12/2020
16947;Ava Martinez;36;Japan;Sales;Analyst;82928.56;24/07/2017
6781;Lily Wilson;47;Japan;HR;Executive;37647.92;5/04/2015
18073;Lucas Wilson;45;Japan;Support;Assistant;54528.2;16/08/2022
21452;Emma Davis;54;Brazil;Finance;Analyst;72258.41;31/05/2019
2293;Lily Anderson;60;UK;Marketing;Manager;64723.49;2/10/2015
8106;Mia Hernandez;41;Canada;Engineering;Assistant;51964.14;15/01/2019
27335;Mia Davis;25;India;Sales;Executive;136829.14;1/09/2017
27925;Logan Anderson;42;Japan;Finance;Developer;72752.44;14/04/2020
7700;Lily Moore;30;USA;Finance;Analyst;86095.94;2/08/2021
506;Emma Taylor;39;Japan;Finance;Developer;133310.46;23/12/2015
8552;Ethan Anderson;40;Mexico;Engineering;Executive;102826.79;4/06/2021
8640;Lily Taylor;23;Canada;Sales;Manager;146881.44;18/02/2025
3097;Mia Hernandez;39;USA;Support;Analyst;77220.19;17/04/2015
18207;Lily Brown;33;UK;Sales;Analyst;116486.52;30/01/2024
28478;Logan Hernandez;49;Mexico;Engineering;Analyst;47546.87;26/12/2022
9151;Lucas Anderson;33;Brazil;Sales;Executive;137034.78;27/10/2021
13558;Logan Taylor;35;Canada;Sales;Analyst;118592.38;10/08/2022
5188;Daniel Davis;36;USA;Sales;Executive;135232.26;12/04/2022
12057;Daniel Jackson;47;Canada;Engineering;Analyst;66952.66;30/11/2023
23734;Daniel Anderson;48;UK;Sales;Assistant;95128.55;8/03/2019
8392;Sophia Thomas;30;Australia;Engineering;Assistant;133535.22;7/10/2023
12644;Daniel Taylor;46;Brazil;Support;Analyst;140955.97;22/02/2019
1399;Emma Moore;23;Japan;Finance;Executive;111143.21;18/04/2017
27797;Daniel Jackson;42;UK;HR;Analyst;36463.19;8/08/2019
11897;Lucas Jackson;41;Australia;Sales;Consultant;52853.67;8/06/2015
29463;Sophia Taylor;38;Brazil;Finance;Consultant;61898.03;4/10/2023
26875;Emma Davis;37;USA;Engineering;Executive;149135.84;2/07/2022
19800;Mason Moore;52;France;Marketing;Developer;36287.46;24/06/2018
7300;Ethan Taylor;58;France;Marketing;Assistant;84930.51;16/05/2016
18714;Emma Taylor;58;Canada;Marketing;Assistant;50526.78;4/05/2015
13631;Emma Davis;26;Canada;Sales;Consultant;75974.62;31/12/2020
14663;Lily Davis;29;UK;Engineering;Manager;67491.39;19/12/2017
4517;Ava Moore;29;Mexico;Engineering;Analyst;94175.17;3/02/2019
23333;Daniel Jackson;27;France;Finance;Executive;54024.88;15/09/2023
9594;Ethan Hernandez;46;Mexico;Sales;Developer;89337.49;30/12/2016
3099;Emma Thomas;22;Australia;Finance;Analyst;58437.58;8/11/2017
12308;Mia Davis;50;Germany;Marketing;Manager;113908.99;8/08/2017
27825;Ethan Wilson;54;Australia;Sales;Consultant;60977.06;5/10/2017
26643;Lucas Taylor;36;Australia;Support;Assistant;112809.74;22/11/2017
3323;Lily Martinez;26;Japan;Engineering;Assistant;59539.96;6/10/2015
4596;Daniel Martinez;45;UK;Marketing;Manager;134561.88;29/05/2020
14585;Daniel Martinez;36;Canada;Sales;Manager;40154.71;12/12/2023
15153;Mason Thomas;33;Australia;Finance;Analyst;52276.24;23/02/2021
23902;Emma Thomas;30;Germany;Finance;Consultant;91837.87;23/05/2024
26130;Daniel Moore;55;Germany;Engineering;Consultant;66019.3;16/01/2019
10384;Ava Taylor;29;Canada;Sales;Manager;109772.15;16/04/2020
6523;Ethan Anderson;36;Canada;Finance;Analyst;68882.96;14/05/2024
14191;Emma Davis;30;USA;Support;Assistant;89149.49;20/11/2019
6192;Mason Thomas;25;USA;HR;Assistant;104109.78;7/11/2020
3292;Lucas Moore;44;Brazil;Engineering;Executive;39309.08;20/01/2025
16529;Lily Jackson;34;UK;Sales;Developer;126589.33;17/05/2020
22897;Lucas Martinez;44;Mexico;Marketing;Executive;122738.2;26/05/2015
25169;Sophia Moore;34;India;Sales;Executive;98150.09;2/01/2023
26272;Lucas Jackson;51;India;Marketing;Executive;127235.03;25/01/2024
11103;Lily Anderson;29;USA;Sales;Executive;34320.96;24/09/2020
18268;Lucas Brown;42;Japan;Engineering;Developer;80752.77;7/06/2015
983;Ethan Jackson;53;India;Finance;Assistant;62080.88;22/09/2021
23703;Ava Davis;60;Japan;HR;Assistant;116327.85;5/11/2016
19067;Daniel Jackson;25;Brazil;Marketing;Assistant;37028.45;18/08/2020
23095;Daniel Thomas;31;Australia;Sales;Analyst;129682.84;8/09/2021
7659;Lily Anderson;60;India;Engineering;Consultant;41533.1;4/08/2022
10968;Mason Anderson;48;Canada;HR;Manager;82964.51;5/08/2017
6181;Mia Jackson;42;UK;Finance;Executive;139992.36;3/04/2021
25720;Ava Anderson;42;France;Engineering;Consultant;144316.52;23/07/2017
18538;Lucas Moore;38;Mexico;Engineering;Consultant;95725.68;27/02/2022
16022;Lucas Jackson;26;USA;HR;Consultant;33794.27;6/05/2017
17490;Daniel Wilson;35;Brazil;Engineering;Assistant;37139.73;1/07/2021
9466;Lucas Wilson;47;Australia;Support;Executive;144429.69;21/03/2018
29318;Logan Jackson;56;India;HR;Manager;102082.8;23/06/2021
2036;Emma Wilson;33;Japan;Support;Manager;94861.33;18/07/2020
994;Ethan Thomas;33;India;Sales;Assistant;136063.23;6/06/2024
22944;Lucas Hernandez;24;Canada;Sales;Assistant;32729.83;18/08/2019
14306;Daniel Wilson;49;Brazil;Support;Analyst;123607.17;4/08/2018
2607;Logan Thomas;23;USA;Finance;Executive;118488.92;1/08/2021
21154;Emma Taylor;24;Japan;Engineering;Assistant;93740.22;4/02/2018
3261;Emma Anderson;58;Brazil;Engineering;Analyst;133389.21;23/07/2021
488;Sophia Thomas;34;UK;Finance;Assistant;65378.94;31/01/2024
25049;Daniel Wilson;51;UK;Finance;Assistant;82742.54;14/09/2016
25904;Lucas Jackson;49;USA;Support;Developer;95798.88;30/04/2016
22842;Daniel Martinez;43;India;Sales;Assistant;45897.15;2/05/2020
17113;Ethan Jackson;34;UK;Marketing;Assistant;132893.67;13/05/2019
8278;Ethan Wilson;40;India;Finance;Developer;120553.34;28/02/2020
25251;Daniel Brown;59;USA;Sales;Consultant;88739.11;7/09/2015
22177;Logan Taylor;55;Mexico;Engineering;Manager;106264.44;28/02/2016
13891;Lucas Davis;27;France;Engineering;Executive;46923.74;19/10/2020
16636;Ava Davis;40;Brazil;Engineering;Consultant;49395.89;3/10/2018
15590;Daniel Anderson;31;Australia;Marketing;Developer;131708.84;16/07/2021
149;Daniel Anderson;59;India;Marketing;Executive;144411.02;30/08/2020
27932;Logan Hernandez;41;Germany;Marketing;Developer;108776.12;19/04/2019
13577;Mia Thomas;25;Australia;Sales;Executive;110363.46;9/07/2018
5533;Mia Brown;60;USA;HR;Assistant;31156.75;9/01/2024
7546;Lucas Moore;42;Brazil;Finance;Manager;38873.36;10/12/2018
26474;Ethan Thomas;39;France;Engineering;Developer;63921.16;10/12/2015
9837;Lily Hernandez;54;Canada;Marketing;Developer;147023.04;13/03/2024
17483;Ethan Anderson;40;France;Marketing;Executive;42503.95;12/03/2020
14984;Sophia Hernandez;60;USA;Support;Manager;94231.73;16/07/2021
13607;Sophia Wilson;33;USA;HR;Assistant;93608.41;19/01/2019
26322;Sophia Taylor;60;Australia;Engineering;Consultant;120098.78;27/10/2020
8394;Sophia Moore;41;USA;HR;Executive;138106.1;22/06/2022
6044;Daniel Taylor;60;Australia;Finance;Developer;81617.31;10/08/2022
11179;Emma Brown;53;Canada;Marketing;Manager;68655.32;23/08/2018
29145;Daniel Anderson;37;Mexico;Marketing;Executive;147498.67;20/07/2017
8572;Sophia Martinez;55;India;HR;Analyst;117858.12;13/01/2017
14198;Lucas Taylor;44;Mexico;Support;Executive;104786;22/01/2024
28026;Logan Martinez;35;France;Engineering;Manager;127586.65;23/09/2023
12136;Ava Anderson;59;Mexico;HR;Executive;50274.53;28/11/2022
6427;Ava Thomas;23;Mexico;Sales;Manager;55222.68;18/08/2022
23441;Emma Moore;60;India;HR;Executive;58373.51;5/05/2022
8596;Mason Thomas;46;Japan;Marketing;Consultant;36283.36;25/06/2020
6745;Sophia Jackson;51;France;Sales;Consultant;123599.21;6/07/2020
13716;Lucas Taylor;22;Mexico;Engineering;Analyst;56637.89;14/03/2024
25829;Emma Taylor;27;India;Marketing;Executive;111145.64;20/12/2015
26168;Emma Brown;24;Japan;Sales;Assistant;141680.81;16/12/2020
16147;Lucas Martinez;54;Brazil;Marketing;Manager;74329.35;12/07/2024
9619;Mia Thomas;25;USA;Support;Manager;105188.55;13/10/2016
7808;Logan Martinez;35;France;HR;Analyst;66713.58;17/06/2019
12863;Sophia Taylor;44;USA;Finance;Executive;141267.72;25/01/2017
16666;Ava Moore;44;USA;Finance;Executive;123899.46;4/10/2023
28441;Lily Taylor;25;Japan;Engineering;Analyst;36647.41;17/10/2023
7917;Lucas Wilson;54;France;Marketing;Assistant;72970.54;26/02/2022
5590;Lily Brown;52;Germany;Marketing;Manager;57679.03;19/08/2019
21642;Lucas Hernandez;37;Mexico;Marketing;Consultant;124282.55;30/06/2024
29037;Lily Martinez;43;Germany;Support;Assistant;107108.28;10/02/2021
18;Daniel Anderson;44;Canada;Engineering;Consultant;113240.58;20/02/2017
8371;Mason Martinez;56;Australia;Support;Assistant;49288.08;20/01/2025
17860;Lily Brown;37;France;Sales;Analyst;35237.14;1/11/2019
20732;Mason Jackson;22;India;HR;Assistant;72335.49;12/10/2023
4561;Lily Anderson;31;France;Finance;Developer;90076.28;13/03/2018
23181;Lily Anderson;47;Canada;Finance;Developer;53474.26;12/11/2019
3753;Daniel Thomas;39;Mexico;Finance;Executive;84019.21;15/05/2022
17703;Mason Moore;53;Japan;Engineering;Assistant;38327.42;25/06/2022
20132;Mason Brown;43;Mexico;Marketing;Developer;56983.93;21/10/2018
2389;Lucas Hernandez;53;Japan;HR;Developer;117568.68;20/02/2019
25749;Lucas Thomas;52;Canada;Marketing;Executive;103069.51;8/03/2023
27622;Ethan Martinez;51;India;Marketing;Executive;37294.1;30/08/2015
20194;Emma Jackson;45;Australia;Sales;Executive;123501.88;28/09/2022
15194;Ethan Hernandez;31;Mexico;Sales;Manager;144147.61;19/02/2021
1812;Emma Wilson;47;Mexico;Sales;Manager;107913.53;2/03/2025
26114;Mia Davis;24;India;HR;Manager;79923.43;9/06/2017
8337;Ethan Martinez;25;UK;Finance;Consultant;83230.24;19/06/2023
25655;Ethan Davis;24;India;Sales;Analyst;46943.5;26/05/2019
21395;Lucas Anderson;54;Germany;Engineering;Executive;88746.56;10/07/2018
117;Daniel Martinez;38;Brazil;Finance;Developer;115480.49;24/01/2017
21249;Lucas Martinez;24;India;Engineering;Developer;68993.03;8/07/2015
22931;Mia Davis;39;USA;Sales;Executive;75935.02;30/04/2022
19428;Lily Davis;30;Mexico;HR;Executive;52632.59;17/06/2020
2689;Ava Jackson;34;India;Support;Consultant;110944;23/08/2018
13789;Mia Anderson;60;Brazil;Support;Executive;46633.1;24/02/2024
6602;Logan Hernandez;34;Mexico;Support;Analyst;77948.78;26/02/2023
27598;Ethan Thomas;31;France;HR;Executive;125763.43;31/01/2023
22895;Ethan Martinez;29;Japan;Sales;Analyst;45243.86;19/09/2016
15264;Lucas Anderson;28;Mexico;Support;Executive;95561.08;18/01/2024
53;Ava Wilson;22;USA;Finance;Assistant;122422.5;8/02/2022
28063;Emma Hernandez;56;Germany;HR;Consultant;65044.68;11/08/2017
5485;Sophia Jackson;37;Mexico;Support;Consultant;103002.49;11/05/2024
29062;Mia Martinez;34;Brazil;Finance;Analyst;119145;13/06/2024
8712;Lucas Anderson;43;Brazil;Support;Manager;60374.3;1/04/2020
1548;Daniel Hernandez;36;Brazil;Finance;Executive;105506.97;19/02/2019
12105;Logan Hernandez;39;USA;Marketing;Consultant;119115.13;10/01/2022
3947;Emma Jackson;45;Germany;Finance;Analyst;54824.86;13/06/2021
29449;Mason Moore;44;USA;HR;Analyst;109572.13;13/02/2017
309;Lily Wilson;34;France;Marketing;Executive;138136.06;24/09/2019
1515;Daniel Thomas;54;France;Sales;Manager;138281.42;26/11/2024
7527;Sophia Davis;25;Brazil;Marketing;Manager;61818.37;30/08/2017
11899;Mia Anderson;53;Brazil;Engineering;Executive;73399.18;1/05/2020
18232;Emma Davis;36;Japan;Engineering;Executive;50997.85;17/04/2020
4571;Sophia Hernandez;41;Canada;Sales;Consultant;72799.63;31/07/2020
29820;Mason Jackson;45;Australia;Sales;Assistant;83156.59;15/08/2020
7542;Lily Jackson;40;France;Finance;Analyst;111313.2;14/05/2023
25660;Ava Moore;34;India;Marketing;Consultant;140039.48;17/11/2024
3849;Ethan Jackson;53;France;Marketing;Executive;51924.35;19/05/2016
11848;Lily Wilson;37;UK;HR;Assistant;122967.55;7/08/2018
7350;Ava Taylor;31;India;Engineering;Analyst;91677.23;18/10/2018
8502;Lily Taylor;41;France;Sales;Developer;131762.69;2/04/2020
18449;Sophia Moore;30;Canada;Sales;Consultant;147290.5;8/10/2024
281;Mason Brown;49;Brazil;HR;Assistant;67266.78;2/09/2017
11670;Mason Jackson;36;France;Sales;Manager;32645.09;24/12/2020
9818;Sophia Martinez;54;Canada;Sales;Assistant;80629.19;12/05/2018
22262;Mason Hernandez;34;Japan;Support;Assistant;110888.37;25/01/2020
858;Mason Anderson;44;USA;Sales;Consultant;64925.69;7/04/2020
11630;Logan Moore;30;Mexico;Engineering;Developer;114230.03;9/04/2024
23114;Emma Davis;24;Brazil;Support;Assistant;66411.27;4/09/2018
19523;Ethan Hernandez;47;Brazil;HR;Manager;56111.94;15/10/2020
10667;Logan Taylor;53;USA;Sales;Consultant;61303.58;24/04/2018
9628;Lucas Wilson;44;Japan;Sales;Executive;112662.43;15/01/2018
3826;Sophia Brown;52;UK;Engineering;Consultant;89716.7;9/07/2016
12559;Lucas Wilson;49;Japan;Sales;Manager;127091.26;28/04/2022
23415;Daniel Brown;48;Brazil;HR;Assistant;83686.16;24/07/2024
5183;Logan Wilson;26;India;Finance;Executive;86682.37;11/04/2015
10059;Sophia Wilson;43;Japan;Support;Manager;128886.24;26/06/2016
1406;Lily Taylor;22;UK;Marketing;Developer;45878.8;10/11/2018
21134;Logan Wilson;42;France;Finance;Developer;67091.2;27/02/2022
17134;Daniel Anderson;25;India;Marketing;Developer;47764.89;28/08/2016
29076;Lily Davis;48;Australia;Finance;Executive;85597.95;29/10/2021
8541;Ethan Taylor;60;Brazil;Support;Consultant;90463.21;6/06/2018
25679;Mason Taylor;55;Japan;HR;Consultant;52402.03;14/07/2018
25672;Logan Davis;60;USA;HR;Consultant;114829.9;21/12/2022
5272;Daniel Brown;22;USA;Finance;Executive;30323.98;23/12/2015
18235;Sophia Wilson;58;Canada;Sales;Analyst;36572.79;6/02/2016
22079;Ethan Wilson;43;Australia;Support;Assistant;52087.25;29/02/2016
7753;Mia Anderson;31;Mexico;Finance;Assistant;116118.04;14/07/2016
26047;Emma Taylor;54;Australia;Finance;Analyst;75851.85;26/06/2021
29577;Emma Martinez;45;Canada;Support;Assistant;76313.71;7/10/2017
13946;Emma Wilson;22;Mexico;Sales;Executive;97543.33;3/03/2019
918;Mia Jackson;44;Brazil;Finance;Developer;37930.57;22/02/2023
19172;Lily Hernandez;53;Mexico;Finance;Manager;64636.47;10/10/2016
6419;Emma Davis;44;UK;Finance;Developer;103555.13;5/01/2023
15581;Lucas Anderson;45;Mexico;Finance;Assistant;117514.29;4/11/2024
4422;Lily Taylor;26;Mexico;Sales;Manager;52244.65;30/07/2019
4405;Daniel Martinez;48;Canada;Support;Executive;82346.63;25/12/2018
18319;Mia Thomas;29;Canada;Marketing;Manager;65440.86;16/06/2022
10660;Ethan Davis;48;India;Sales;Assistant;55087.13;13/01/2025
17966;Lucas Anderson;23;Brazil;Support;Manager;128906.21;5/09/2019
6975;Ethan Wilson;58;Canada;Sales;Consultant;62204.84;5/07/2024
508;Daniel Martinez;54;Brazil;Marketing;Executive;64666.99;29/06/2015
4355;Logan Wilson;34;Germany;HR;Developer;36243.47;30/03/2022
24401;Sophia Moore;55;India;Marketing;Developer;115849.82;28/01/2016
16540;Mia Martinez;34;Mexico;Marketing;Executive;95733.08;2/09/2017
21380;Mia Brown;56;Germany;HR;Developer;128384.75;17/10/2017
5725;Lucas Martinez;42;France;Engineering;Assistant;96108.22;28/02/2018
12653;Lily Martinez;42;Brazil;HR;Analyst;132313.87;13/08/2015
296;Emma Thomas;36;Japan;Finance;Consultant;140484.39;18/05/2018
18477;Sophia Brown;35;Canada;Marketing;Manager;95778.94;9/09/2015
14890;Lily Brown;36;India;Sales;Executive;43829.46;31/07/2024
18964;Sophia Taylor;35;Mexico;Engineering;Assistant;74599.13;31/10/2016
5597;Lucas Moore;23;USA;Marketing;Executive;73167.84;26/03/2018
26088;Mia Hernandez;29;Japan;Support;Analyst;105687.78;1/02/2023
22213;Logan Davis;33;India;Sales;Executive;110405.84;10/02/2025
22380;Mia Jackson;40;Japan;Sales;Manager;109561.98;18/06/2023
7464;Emma Taylor;35;Australia;Engineering;Consultant;86045.65;17/02/2017
20208;Logan Anderson;53;UK;Support;Assistant;144225.39;21/08/2019
3300;Lily Martinez;29;Canada;Support;Developer;96840.28;30/11/2017
3914;Sophia Hernandez;44;Brazil;Marketing;Manager;119455.37;11/02/2021
19647;Sophia Anderson;25;Canada;HR;Developer;41776.07;16/02/2025
9079;Mason Taylor;46;France;Sales;Consultant;55910.93;7/07/2020
11885;Lucas Hernandez;47;Japan;Marketing;Developer;99073.7;29/09/2020
10423;Ava Martinez;23;Canada;Sales;Manager;91882.42;10/08/2024
20794;Mia Brown;33;Brazil;Engineering;Executive;31845.75;20/02/2017
3113;Ava Thomas;57;Germany;HR;Developer;109892.13;17/03/2018
11566;Lucas Brown;46;UK;HR;Executive;76630.32;19/01/2017
5860;Emma Davis;47;France;Marketing;Developer;79635.38;24/07/2020
18768;Mason Wilson;30;Brazil;Marketing;Consultant;125422.13;19/07/2020
25101;Lucas Taylor;58;Brazil;Finance;Consultant;86907.82;25/08/2016
20890;Ethan Brown;36;USA;Engineering;Manager;103313.15;31/08/2018
19290;Lucas Martinez;27;Canada;Support;Developer;37076.52;4/05/2017
13027;Emma Hernandez;36;Japan;Finance;Assistant;32699.3;31/12/2017
5761;Ava Taylor;42;Brazil;Engineering;Assistant;89763.22;21/12/2021
11552;Sophia Martinez;22;Germany;HR;Analyst;89459.9;26/10/2020
17927;Logan Anderson;55;Mexico;Sales;Consultant;99946.61;23/11/2023
8927;Lucas Anderson;25;France;Marketing;Manager;146650.13;14/07/2022
3193;Mason Jackson;22;Japan;Sales;Analyst;101723.84;22/10/2015
29930;Ava Wilson;58;USA;HR;Executive;77203.43;19/04/2017
3877;Mia Thomas;42;Brazil;Engineering;Assistant;52631.35;11/10/2024
7944;Emma Moore;39;France;Sales;Assistant;54244.25;5/05/2023
4002;Lily Hernandez;30;USA;Finance;Analyst;31118.29;5/05/2017
19555;Ethan Hernandez;58;Japan;Engineering;Assistant;111965.02;12/09/2019
13603;Sophia Jackson;26;USA;Marketing;Assistant;118154.23;12/09/2015
28514;Mia Davis;39;Canada;Support;Analyst;35283.71;15/11/2021
3688;Mia Martinez;29;Canada;Finance;Assistant;141203.84;20/07/2015
23495;Sophia Thomas;50;Canada;Engineering;Consultant;50317.99;4/05/2019
10239;Mason Moore;35;Germany;HR;Executive;129094.49;7/07/2015
10465;Mia Jackson;28;Canada;Support;Analyst;52972.56;11/01/2023
21557;Lily Hernandez;56;Mexico;Marketing;Executive;87089.65;18/08/2021
6012;Ava Davis;27;UK;Sales;Manager;113438.81;27/08/2019
7406;Mason Anderson;49;Mexico;Engineering;Executive;135194.35;1/09/2019
25631;Ava Hernandez;35;France;Marketing;Analyst;147117.54;11/01/2016
83;Logan Martinez;44;Germany;Finance;Developer;121784.55;9/02/2018
4487;Sophia Martinez;50;USA;Marketing;Developer;67696.92;19/11/2021
23958;Sophia Hernandez;57;Australia;HR;Executive;116390.19;18/03/2018
22680;Emma Anderson;33;Canada;Support;Developer;115859.6;1/08/2023
15042;Sophia Thomas;34;Australia;Sales;Manager;36059.8;3/05/2016
27600;Ethan Hernandez;43;Australia;Engineering;Executive;56770.87;2/12/2015
6576;Emma Jackson;37;USA;Marketing;Consultant;45763.29;8/02/2019
21165;Ava Thomas;53;UK;Finance;Assistant;129365.78;16/12/2018
15318;Logan Hernandez;42;India;Marketing;Assistant;116065.3;1/09/2016
2480;Daniel Taylor;52;USA;HR;Analyst;87483.08;8/02/2021
21441;Mason Martinez;50;UK;HR;Analyst;139733.33;15/05/2020
21272;Ava Anderson;57;Mexico;Sales;Consultant;51912.1;23/09/2018
16938;Ethan Anderson;35;Mexico;Finance;Analyst;113538.67;3/12/2021
13949;Daniel Davis;25;Brazil;Engineering;Manager;128352.92;7/12/2017
22684;Logan Anderson;38;Germany;Engineering;Analyst;94456.43;14/12/2018
6337;Ava Brown;42;Germany;HR;Analyst;141579.33;21/08/2019
4020;Logan Hernandez;48;France;HR;Manager;104128.34;30/06/2019
29983;Daniel Hernandez;39;France;HR;Executive;70460.69;13/01/2025
749;Logan Thomas;60;Germany;Support;Consultant;46781.33;27/01/2024
10740;Lily Jackson;58;Brazil;Sales;Developer;108336.52;16/12/2019
20012;Mia Jackson;53;USA;Marketing;Manager;61912.18;12/09/2018
19708;Ava Moore;46;France;Sales;Executive;80692.49;1/11/2017
18512;Ethan Thomas;49;Mexico;HR;Developer;89386.75;30/06/2020
29241;Logan Martinez;47;USA;Marketing;Developer;112544.7;2/01/2017
28751;Lucas Brown;48;USA;Finance;Developer;47063.88;21/11/2017
14409;Logan Anderson;33;Brazil;Marketing;Analyst;127653.86;20/08/2024
11586;Lily Anderson;57;Canada;Finance;Assistant;56385.23;23/10/2017
14106;Logan Martinez;49;Brazil;Sales;Developer;48598.32;29/05/2021
17554;Mia Martinez;29;Mexico;Finance;Analyst;44174.23;9/02/2016
5406;Mason Hernandez;54;UK;Support;Developer;81358.32;27/11/2019
10544;Lucas Taylor;45;India;Finance;Manager;97767.89;8/10/2015
24893;Mason Brown;47;Germany;Support;Executive;89431.88;6/10/2017
4056;Daniel Davis;47;UK;Support;Developer;135232.76;21/01/2016
20594;Emma Wilson;60;USA;Support;Consultant;39078.2;12/10/2021
13168;Lily Taylor;40;Germany;HR;Executive;87398.18;15/01/2025
18859;Daniel Davis;27;UK;Engineering;Executive;103107.56;9/04/2016
3949;Sophia Hernandez;25;USA;Engineering;Consultant;69248.45;12/06/2023
170;Mia Wilson;57;Canada;Engineering;Executive;111841.46;1/01/2023
23430;Emma Wilson;38;France;Marketing;Consultant;71365.08;15/05/2019
10095;Ava Wilson;29;India;Engineering;Analyst;73793.47;7/10/2023
3618;Lucas Davis;47;Germany;Sales;Assistant;46088.06;4/01/2018
3833;Sophia Anderson;35;Mexico;HR;Executive;130293.59;4/10/2024
3744;Lily Moore;46;Japan;Engineering;Manager;128880.07;6/09/2015
21251;Lucas Hernandez;55;UK;Engineering;Analyst;110750.17;28/10/2017
29809;Lily Thomas;48;Australia;Support;Assistant;45377.88;20/12/2021
22349;Ethan Wilson;35;Canada;HR;Consultant;110606.18;22/07/2020
20790;Mia Moore;46;Australia;Finance;Analyst;137990.43;12/12/2016
27947;Logan Anderson;56;Australia;Engineering;Executive;74579.01;20/09/2021
4488;Sophia Davis;28;USA;HR;Consultant;86931.81;12/10/2021
11447;Lily Brown;54;Australia;Engineering;Consultant;144353.09;17/02/2020
11246;Mia Davis;56;Mexico;Sales;Assistant;107006.48;2/07/2018
26369;Lucas Thomas;45;UK;Finance;Analyst;105780.31;30/12/2016
13192;Ava Jackson;27;France;Engineering;Developer;142932.76;13/02/2017
19342;Daniel Thomas;56;India;Marketing;Consultant;58511.63;27/12/2015
14614;Ava Wilson;58;USA;Support;Manager;90336.81;10/02/2019
20266;Emma Thomas;51;Brazil;Marketing;Analyst;146030.94;11/01/2018
19150;Daniel Jackson;23;Brazil;Marketing;Assistant;30461.23;15/08/2022
29631;Lucas Jackson;27;Brazil;Engineering;Developer;39265.55;28/06/2015
19847;Mason Thomas;35;Australia;Support;Analyst;79945.44;26/02/2017
3394;Sophia Taylor;51;Canada;Engineering;Manager;44776.83;30/07/2019
25144;Emma Taylor;33;UK;Engineering;Assistant;85467.87;15/08/2019
5572;Logan Martinez;23;Canada;Engineering;Analyst;50361.32;26/11/2015
13372;Daniel Martinez;41;UK;Finance;Executive;88588.19;16/03/2020
19714;Ava Hernandez;56;USA;Support;Manager;114438.97;12/10/2016
29283;Logan Moore;29;Japan;Engineering;Assistant;91083.92;19/12/2023
10344;Daniel Taylor;46;France;Engineering;Consultant;73169.56;12/08/2023
4059;Ethan Martinez;44;Brazil;Finance;Manager;67388.25;27/12/2017
9406;Daniel Wilson;57;USA;Support;Developer;40812.64;22/08/2020
27028;Logan Brown;33;France;Engineering;Developer;76877.72;7/11/2021
21117;Lily Hernandez;58;Japan;Support;Manager;74578.04;7/06/2017
12346;Ethan Brown;47;Canada;HR;Consultant;91019.15;11/01/2018
14360;Mia Martinez;54;Australia;Finance;Developer;126392.31;28/01/2021
12488;Mason Thomas;47;Mexico;Finance;Developer;66429.21;6/10/2022
8012;Daniel Martinez;53;USA;Engineering;Executive;58733.56;6/11/2020
29797;Emma Taylor;29;France;HR;Developer;142612.28;24/12/2015
15198;Ava Thomas;52;Canada;Engineering;Executive;89048.79;12/11/2015
12051;Lucas Moore;54;Canada;Finance;Developer;78273.87;14/08/2023
2188;Daniel Wilson;38;France;Finance;Consultant;32396.31;3/04/2017
17226;Logan Brown;60;Brazil;HR;Analyst;35308.07;29/10/2023
24367;Emma Davis;60;France;Engineering;Consultant;134251.31;31/12/2022
5287;Lucas Moore;52;Brazil;Finance;Analyst;118311.74;7/10/2017
27609;Ethan Hernandez;54;Mexico;Sales;Developer;88778.96;4/04/2019
3101;Lily Wilson;48;France;Support;Developer;124184.63;19/12/2018
21822;Ethan Hernandez;53;Germany;HR;Assistant;52509.45;8/10/2019
25511;Logan Moore;29;Mexico;Support;Analyst;42311.14;7/04/2024
12695;Emma Moore;53;India;Finance;Executive;34048.71;7/11/2021
10833;Mia Brown;60;India;Finance;Consultant;105237.79;21/12/2024
26967;Ava Davis;37;Germany;Marketing;Executive;133718.81;3/05/2022
7623;Lucas Hernandez;33;Japan;HR;Executive;41646.03;4/08/2023
22407;Lucas Taylor;58;Australia;HR;Consultant;69658.86;27/07/2022
10944;Ava Wilson;60;Brazil;Engineering;Manager;140236.05;11/01/2024
27472;Sophia Davis;44;Brazil;Support;Consultant;130364.45;24/11/2015
4893;Lucas Davis;42;Mexico;Sales;Assistant;144069.16;12/05/2016
13885;Mason Jackson;60;USA;HR;Assistant;54758.73;28/10/2023
13016;Mason Davis;42;Australia;Finance;Manager;70300.56;8/02/2019
9626;Ava Moore;30;Japan;Sales;Consultant;105510.04;7/01/2020
28721;Mason Taylor;41;Germany;Support;Manager;92957.14;11/09/2016
12384;Ava Jackson;59;USA;Finance;Analyst;61617.22;23/08/2017
4290;Lily Moore;24;Japan;Finance;Analyst;113886.78;11/08/2017
7413;Sophia Thomas;24;Japan;Marketing;Consultant;109554.7;19/07/2022
8344;Ethan Thomas;48;Canada;HR;Developer;40699.4;19/02/2018
17942;Ava Thomas;37;Japan;Sales;Assistant;100369.41;22/08/2023
10266;Lucas Anderson;32;Germany;Engineering;Consultant;76310.42;5/06/2022
8655;Mia Jackson;44;India;Sales;Assistant;59062.3;7/08/2017
9085;Mia Taylor;50;India;Support;Developer;86890.98;23/03/2024
1420;Sophia Taylor;49;Japan;Support;Executive;132206.96;28/04/2016
24829;Mason Hernandez;38;UK;Support;Analyst;56736.15;13/06/2024
9015;Daniel Anderson;47;Germany;Engineering;Analyst;90064.16;14/07/2020
26682;Sophia Wilson;31;Canada;Sales;Executive;53313.12;6/02/2020
22372;Lucas Jackson;28;Mexico;Finance;Analyst;106495.18;26/06/2023
5092;Ethan Thomas;29;Germany;Sales;Manager;91629.79;16/03/2024
17175;Logan Taylor;32;Mexico;Engineering;Developer;68192.83;21/12/2018
28710;Emma Jackson;33;India;Engineering;Analyst;93805.88;23/02/2022
1144;Mia Wilson;52;Germany;HR;Assistant;138307.63;20/09/2018
21487;Ava Taylor;53;France;HR;Executive;85483.73;2/02/2018
24773;Lily Taylor;60;India;Finance;Executive;63781.23;9/07/2016
237;Logan Wilson;53;Japan;Sales;Developer;54668.47;4/07/2024
14600;Mason Martinez;49;Mexico;Sales;Executive;84051.59;9/05/2019
4331;Ethan Brown;37;USA;Support;Assistant;50149.04;18/11/2017
27496;Sophia Taylor;30;Japan;Marketing;Executive;65357.8;13/12/2017
8599;Lucas Brown;55;Mexico;Engineering;Assistant;55260.56;6/10/2021
4305;Ethan Davis;37;Canada;Marketing;Developer;113498.25;10/04/2015
24709;Sophia Jackson;57;Australia;HR;Analyst;33206.2;8/01/2022
24977;Lucas Martinez;25;Brazil;Sales;Analyst;97710;8/08/2019
7529;Logan Moore;47;France;Engineering;Executive;46125.36;12/05/2020
19456;Lily Martinez;33;Japan;Finance;Developer;70159.58;22/07/2019
27611;Daniel Anderson;45;France;Finance;Developer;31554.32;16/08/2016
8372;Lily Brown;57;USA;Engineering;Developer;41777.11;3/11/2024
28914;Lucas Jackson;34;Germany;Support;Assistant;126974.82;26/09/2017
19995;Mason Wilson;33;Australia;Support;Executive;68976.43;25/09/2023
4826;Mason Anderson;22;Australia;Marketing;Consultant;91422.7;2/10/2021
9680;Logan Brown;44;Canada;Finance;Analyst;119500.27;24/02/2022
20656;Mia Hernandez;35;Japan;HR;Executive;122523.36;26/01/2017
27394;Emma Martinez;30;UK;Marketing;Executive;78894.95;12/09/2024
6497;Mason Taylor;51;India;Engineering;Manager;45523.99;28/11/2016
5010;Daniel Moore;59;Japan;Marketing;Analyst;34492.85;19/02/2018
24291;Lily Thomas;24;Canada;Engineering;Assistant;141893.37;21/03/2022
8030;Lily Thomas;44;Japan;HR;Developer;53201.8;18/05/2022
1006;Ethan Moore;45;Canada;HR;Developer;105576.84;22/02/2024
19101;Daniel Davis;60;Germany;Marketing;Executive;71183.92;16/12/2021
26485;Emma Thomas;49;Australia;Finance;Manager;73424.57;10/12/2021
15899;Ethan Jackson;57;France;Marketing;Developer;110125.55;18/02/2023
16143;Lucas Martinez;46;UK;Support;Executive;77314.39;13/12/2017
9114;Ava Anderson;26;UK;HR;Executive;93837.75;11/03/2015
29869;Mason Anderson;44;Canada;HR;Assistant;144683.49;13/06/2016
8536;Mason Anderson;39;France;Engineering;Analyst;30335.26;19/09/2020
22409;Mia Taylor;38;Canada;HR;Analyst;142983.68;19/02/2019
2496;Lucas Martinez;49;India;Engineering;Consultant;64635.35;15/08/2016
25072;Logan Taylor;58;Canada;Support;Assistant;30393.84;4/05/2016
10407;Ethan Davis;26;Mexico;HR;Assistant;141112.08;12/02/2016
20624;Sophia Martinez;33;Germany;Engineering;Executive;103405;17/06/2021
18930;Lucas Brown;36;Canada;Marketing;Developer;102542.14;6/05/2017
81;Ava Brown;38;Brazil;Finance;Analyst;37605.06;30/07/2024
25194;Emma Jackson;38;Canada;HR;Developer;86033.96;28/11/2024
7747;Mason Davis;60;Japan;Finance;Consultant;119171.8;24/05/2019
3006;Lily Hernandez;50;France;Marketing;Developer;104967.7;26/05/2016
189;Mason Martinez;56;India;HR;Consultant;113322.88;24/05/2023
8293;Mia Brown;45;Japan;Support;Manager;143616.64;15/06/2017
3051;Lily Taylor;25;France;HR;Manager;102462.96;12/04/2015
999;Lily Taylor;52;USA;Marketing;Developer;71407.8;21/01/2020
29172;Sophia Taylor;25;USA;Support;Consultant;142213.66;9/09/2022
17903;Logan Davis;24;Mexico;Support;Assistant;86119.15;17/05/2015
5238;Ethan Anderson;43;UK;Marketing;Executive;134346.34;16/05/2021
11300;Lucas Brown;54;UK;Sales;Manager;36542.86;29/08/2022
8498;Mia Jackson;31;UK;Engineering;Assistant;142848.52;4/10/2021
2068;Emma Hernandez;29;Mexico;HR;Analyst;92202.36;29/08/2019
330;Emma Brown;40;UK;Marketing;Manager;67027;12/06/2017
21833;Ava Moore;60;Australia;Support;Analyst;74916.34;10/03/2016
6532;Ava Brown;55;Japan;Finance;Assistant;76360.98;12/02/2018
18171;Ava Martinez;33;Australia;Finance;Manager;122874.8;25/01/2019
19806;Ava Davis;39;Canada;Support;Manager;37444.9;25/11/2015
25154;Ethan Thomas;43;Germany;Finance;Manager;37662.95;20/09/2022
13428;Lucas Moore;31;UK;Finance;Manager;107762.74;20/11/2022
8537;Ethan Taylor;46;Brazil;Marketing;Developer;106493.3;2/07/2020
18658;Mia Taylor;24;Mexico;Finance;Analyst;96265.2;14/02/2021
29787;Emma Thomas;41;USA;Support;Developer;121548.59;5/07/2023
5377;Logan Brown;44;Japan;Engineering;Analyst;145024.08;31/03/2017
2179;Ava Martinez;49;India;Engineering;Executive;63474.49;1/09/2021
4872;Emma Jackson;39;Australia;Sales;Manager;37705.85;12/09/2024
26140;Emma Jackson;54;Mexico;Marketing;Assistant;107541.93;8/07/2019
3696;Daniel Taylor;22;Mexico;HR;Consultant;130166.65;13/08/2021
310;Lucas Davis;57;Japan;HR;Analyst;51101.81;13/02/2019
21531;Logan Hernandez;51;Mexico;Support;Analyst;71932.17;22/04/2018
1556;Sophia Wilson;42;Japan;Sales;Analyst;112957.17;5/08/2017
16452;Ethan Hernandez;54;France;Engineering;Consultant;124454.78;27/02/2023
26506;Lily Wilson;50;USA;Finance;Manager;39619.73;11/06/2021
10393;Sophia Wilson;51;Japan;Engineering;Assistant;59300.62;2/10/2020
3179;Mia Taylor;47;Canada;Finance;Executive;139682.9;4/02/2024
10829;Emma Brown;30;Brazil;Finance;Analyst;87359.89;1/02/2018
27556;Emma Taylor;53;Brazil;HR;Analyst;43954.08;7/11/2015
13656;Mia Martinez;50;France;Finance;Consultant;61739.54;26/07/2017
14296;Sophia Brown;56;USA;Engineering;Developer;116666.69;22/12/2016
27608;Ethan Brown;34;Mexico;Engineering;Consultant;125463.5;27/02/2025
18791;Logan Anderson;52;India;Sales;Assistant;56670.57;17/01/2016
15552;Sophia Wilson;24;France;Sales;Assistant;38871.98;17/02/2016
2845;Mason Thomas;27;Mexico;Support;Consultant;107376.13;25/05/2015
18926;Ava Taylor;59;Australia;HR;Analyst;103365.33;5/07/2020
16468;Lily Taylor;49;Brazil;Finance;Analyst;73664.46;18/07/2021
2653;Sophia Brown;58;Australia;Marketing;Analyst;117904.53;26/05/2020
5951;Lucas Hernandez;47;Brazil;Engineering;Assistant;146068.57;5/09/2024
691;Ethan Taylor;59;France;Marketing;Consultant;145716.38;18/10/2024
1358;Ava Brown;22;Canada;HR;Assistant;61662.03;23/04/2017
28221;Lucas Taylor;43;France;Support;Consultant;33911.74;18/04/2023
13416;Emma Martinez;39;UK;HR;Consultant;39470.17;20/07/2016
2039;Ethan Hernandez;42;India;Finance;Analyst;69243.29;28/03/2015
28472;Ethan Anderson;29;Canada;Sales;Consultant;113602.73;19/02/2025
9609;Emma Anderson;58;Germany;HR;Analyst;125258.83;23/05/2023
5526;Emma Moore;43;UK;Sales;Executive;108355.77;14/03/2021
27826;Ethan Hernandez;35;Germany;Sales;Assistant;138944.23;10/01/2023
4663;Lily Jackson;41;France;Marketing;Developer;80302.37;1/04/2015
7822;Ethan Jackson;46;India;Support;Analyst;105696.25;2/02/2023
20051;Ava Anderson;24;USA;Finance;Assistant;43304.41;26/05/2024
18187;Logan Wilson;26;India;Finance;Consultant;118505.56;9/04/2019
19858;Emma Anderson;26;USA;HR;Developer;92663.78;10/01/2019
29556;Mia Moore;33;Brazil;Support;Developer;55930.92;23/05/2019
17589;Mason Jackson;51;Brazil;Marketing;Manager;34111.86;24/08/2015
11454;Emma Wilson;34;Germany;Finance;Analyst;55143.95;8/08/2021
24862;Sophia Jackson;60;Australia;HR;Consultant;137848.25;30/04/2017
544;Logan Anderson;41;Australia;HR;Analyst;86815.46;9/03/2021
1440;Lucas Davis;47;UK;HR;Executive;135970.3;23/02/2024
18743;Daniel Anderson;50;France;HR;Assistant;133083.17;27/06/2019
11453;Logan Martinez;60;France;Support;Analyst;60796.22;7/12/2017
19286;Daniel Hernandez;47;Canada;Engineering;Assistant;76057.9;18/11/2016
14170;Sophia Davis;36;Canada;Support;Assistant;77638.93;10/07/2022
7489;Emma Wilson;38;Canada;Finance;Manager;59236.92;15/08/2016
19116;Daniel Taylor;24;Australia;Finance;Manager;123696.49;21/09/2024
968;Ava Wilson;50;Brazil;HR;Analyst;98511.91;2/10/2024
12535;Ava Taylor;34;UK;Finance;Analyst;71837.82;12/09/2016
1068;Emma Hernandez;30;Mexico;Engineering;Assistant;117725.54;23/09/2020
27922;Emma Moore;45;Brazil;Finance;Analyst;88537.38;22/08/2015
14201;Ava Thomas;49;India;Finance;Manager;67158.04;19/06/2018
23956;Emma Wilson;32;UK;Marketing;Consultant;38248.88;5/03/2022
4142;Ethan Moore;46;Australia;Engineering;Manager;122246.45;2/05/2020
20661;Lily Brown;40;Brazil;Engineering;Analyst;62086.06;18/05/2023
14229;Daniel Moore;32;USA;Support;Assistant;80144.02;13/11/2022
5531;Lucas Thomas;44;Japan;Engineering;Assistant;113727.72;11/03/2017
1534;Mason Anderson;56;Brazil;Sales;Assistant;79039.33;16/02/2022
10048;Logan Thomas;38;UK;Engineering;Assistant;107530.47;5/06/2023
11273;Mason Moore;32;Germany;Finance;Assistant;114124.98;7/05/2017
14338;Lily Martinez;27;USA;Finance;Developer;120765.13;27/02/2025
14372;Mason Martinez;58;Germany;Engineering;Executive;53725.36;25/05/2019
21283;Lily Moore;41;France;HR;Analyst;67256.62;10/06/2016
1189;Lucas Hernandez;51;France;Marketing;Developer;52735.96;16/01/2024
17809;Logan Hernandez;34;Japan;HR;Assistant;74990.45;16/08/2020
14221;Ava Jackson;42;Canada;HR;Assistant;54942.78;5/01/2017
21842;Lily Wilson;26;UK;Support;Consultant;103786.3;4/01/2018
22510;Lucas Wilson;35;Brazil;HR;Consultant;46267.03;20/04/2024
26597;Logan Taylor;56;Germany;Finance;Executive;65140.02;9/07/2023
13224;Ava Thomas;27;Australia;Engineering;Analyst;47098.79;25/12/2018
5783;Daniel Brown;32;Brazil;Sales;Assistant;54535.92;9/06/2020
27990;Mia Moore;53;France;Support;Consultant;89434.75;27/10/2017
19658;Lily Wilson;53;Germany;HR;Analyst;119978.15;17/01/2016
14529;Sophia Davis;28;France;HR;Analyst;133154.04;31/05/2024
1442;Ethan Martinez;40;USA;Support;Executive;97480.07;7/01/2018
20606;Sophia Hernandez;55;UK;HR;Analyst;105443.13;1/02/2022
9104;Sophia Taylor;47;Mexico;Engineering;Consultant;102946.62;25/09/2022
2641;Emma Wilson;37;Brazil;HR;Consultant;81388.55;14/11/2023
14421;Sophia Martinez;50;Germany;HR;Executive;62801.64;4/07/2023
19252;Daniel Moore;37;USA;Support;Consultant;41634.91;7/02/2016
19569;Sophia Brown;53;UK;Sales;Analyst;88874.25;2/03/2025
8089;Logan Davis;38;Australia;HR;Manager;53330.75;16/09/2023
1026;Daniel Wilson;35;Brazil;Finance;Consultant;38431.15;29/01/2020
26297;Mia Jackson;41;UK;Support;Analyst;126266.13;7/01/2024
17462;Sophia Thomas;40;India;Support;Analyst;120886.19;29/10/2015
3537;Lucas Anderson;24;Japan;Finance;Consultant;76830.65;12/10/2016
3351;Mia Martinez;54;France;Support;Executive;64248.53;12/12/2022
6382;Lucas Taylor;33;Australia;Support;Analyst;86098.98;6/11/2017
28177;Ava Taylor;60;Japan;Support;Executive;140050.43;16/10/2019
3996;Ethan Anderson;37;Japan;Support;Manager;120206.93;31/08/2017
18203;Emma Davis;47;India;Finance;Analyst;68851.28;9/12/2015
6972;Logan Hernandez;47;UK;Sales;Analyst;48511.55;15/01/2016
14913;Lucas Jackson;50;India;Finance;Developer;49969.79;24/09/2021
5442;Lucas Jackson;25;UK;Sales;Executive;56881.13;15/01/2018
10772;Lily Taylor;38;Mexico;Finance;Manager;58189.5;20/05/2020
28774;Emma Wilson;42;Australia;Engineering;Manager;139632.74;30/08/2018
7380;Ethan Jackson;41;Japan;Engineering;Consultant;120303.57;4/05/2015
20076;Ethan Brown;44;Mexico;Finance;Manager;73515.88;30/12/2020
11012;Emma Taylor;57;UK;Engineering;Consultant;42126.87;25/10/2017
3820;Mason Thomas;27;Canada;Support;Consultant;54722.31;6/01/2018
6074;Sophia Moore;48;USA;Finance;Assistant;44355.76;30/01/2025
1094;Ethan Moore;22;India;Marketing;Analyst;33437.66;7/08/2020
29015;Lucas Thomas;26;Australia;HR;Manager;46496;25/10/2018
24982;Lily Anderson;27;Mexico;Engineering;Manager;57054.67;15/09/2021
17754;Mia Jackson;28;UK;Engineering;Manager;113603.86;18/11/2024
28443;Ava Brown;47;USA;HR;Analyst;98473.37;20/10/2023
5539;Sophia Jackson;46;Australia;Marketing;Manager;144090.79;9/10/2018
10598;Mason Anderson;34;France;Marketing;Analyst;78974.87;27/10/2015
12943;Daniel Wilson;41;France;Support;Developer;36789.43;25/12/2021
21916;Daniel Hernandez;51;Germany;Support;Consultant;130488.88;9/05/2021
9202;Daniel Jackson;44;Mexico;Marketing;Analyst;78769.1;28/09/2015
8866;Logan Jackson;57;India;Marketing;Consultant;39721.73;27/08/2020
2304;Logan Anderson;35;USA;Finance;Analyst;72988.18;20/06/2018
19785;Sophia Davis;36;Japan;Sales;Analyst;42386.44;7/08/2022
24820;Mason Brown;30;Brazil;Sales;Consultant;136703.07;4/10/2024
21507;Lucas Anderson;57;Australia;Finance;Assistant;42269.19;29/03/2018
7597;Logan Moore;45;USA;Engineering;Analyst;72675.48;10/03/2021
12266;Mia Brown;28;USA;Engineering;Consultant;140885.66;31/05/2023
23794;Lucas Wilson;50;India;Finance;Consultant;74066.69;20/09/2016
23708;Emma Martinez;43;Australia;Finance;Analyst;60430.46;7/02/2018
19270;Lucas Hernandez;44;Australia;Support;Assistant;47074.31;16/05/2016
23723;Ethan Jackson;44;India;Marketing;Executive;133619.2;25/05/2020
12087;Mia Anderson;60;Brazil;Support;Executive;128835.63;28/01/2022
6754;Lucas Anderson;26;Mexico;Finance;Executive;76872.31;21/09/2017
24910;Lucas Moore;53;Japan;HR;Consultant;107554.68;12/07/2016
27845;Ava Moore;40;India;Engineering;Consultant;93469.68;13/03/2022
2130;Emma Wilson;52;Australia;Finance;Manager;57755.22;1/01/2025
18695;Emma Davis;38;UK;Marketing;Executive;122298.52;31/03/2020
27838;Sophia Wilson;28;Brazil;Engineering;Analyst;88090.06;11/11/2021
22008;Daniel Jackson;40;Canada;Marketing;Executive;89988.89;13/03/2022
22093;Lily Davis;39;Australia;Marketing;Developer;125506.61;2/05/2015
27026;Daniel Wilson;52;Mexico;Sales;Developer;133849.49;2/12/2016
18992;Lucas Moore;52;USA;Engineering;Developer;60049.39;7/06/2024
17345;Ava Hernandez;56;Germany;HR;Developer;47599.29;27/12/2019
11543;Ethan Jackson;48;India;Support;Consultant;125026.08;28/05/2020
27809;Lily Martinez;46;India;HR;Analyst;143256.03;15/10/2024
2246;Mason Taylor;42;France;HR;Developer;108015.56;13/08/2021
7138;Lily Moore;54;Germany;Support;Consultant;38429.51;12/10/2018
16290;Ava Moore;43;France;Finance;Analyst;43516.47;21/07/2019
13392;Lily Martinez;32;Germany;Finance;Analyst;50865.64;6/07/2024
22181;Lily Hernandez;32;France;HR;Assistant;98822.13;19/02/2020
24576;Ava Moore;34;Japan;Sales;Assistant;144146.89;25/04/2021
2631;Emma Moore;49;India;Support;Executive;148058.87;14/04/2017
20180;Sophia Thomas;41;Australia;HR;Manager;41881.32;3/07/2024
11052;Mia Taylor;58;India;Marketing;Assistant;138674.86;20/08/2021
12749;Mason Taylor;54;Australia;Support;Developer;146226.68;26/06/2021
1057;Lucas Davis;45;UK;Marketing;Developer;138287.12;18/10/2023
17141;Logan Moore;30;Mexico;HR;Developer;60866.65;21/10/2015
12114;Ava Thomas;51;Australia;Support;Consultant;119478.85;21/01/2020
14917;Logan Martinez;33;UK;Sales;Analyst;120401.61;17/11/2021
13384;Daniel Jackson;59;Japan;Support;Executive;74826.33;27/05/2024
15689;Logan Hernandez;52;Mexico;Sales;Manager;72758.6;2/12/2023
26241;Daniel Anderson;35;UK;Finance;Manager;62853.79;9/03/2017
7397;Mia Thomas;45;Brazil;Finance;Manager;91358.41;18/01/2016
5804;Mia Brown;23;India;Sales;Consultant;142076.77;20/06/2015
21892;Mason Jackson;23;Germany;Marketing;Assistant;99650.27;11/03/2019
8391;Ethan Anderson;53;Canada;Marketing;Analyst;119809.33;22/01/2017
12640;Sophia Taylor;29;Mexico;Sales;Executive;123767.91;5/09/2015
28306;Sophia Davis;24;Australia;Sales;Executive;80243.16;24/09/2022
1832;Ava Moore;39;Australia;Engineering;Assistant;31186.91;14/10/2023
11082;Logan Davis;35;Germany;HR;Manager;102664.67;14/10/2020
15157;Logan Davis;33;USA;Engineering;Manager;78898.16;12/07/2021
25389;Mason Moore;46;USA;Engineering;Assistant;85724.43;11/01/2023
11157;Emma Moore;30;UK;Marketing;Manager;73077.56;15/05/2020
28489;Lily Jackson;49;Brazil;Support;Manager;78900.63;13/06/2023
25457;Ava Hernandez;27;France;HR;Assistant;140317.94;29/10/2015
5887;Mia Taylor;29;Australia;Engineering;Assistant;73464.95;16/12/2022
10382;Lily Moore;27;Japan;Finance;Executive;70401.26;27/10/2024
4876;Emma Anderson;48;Mexico;Engineering;Developer;105650.47;3/10/2021
14889;Logan Brown;41;UK;Marketing;Consultant;31211.64;25/01/2017
24206;Ava Davis;58;UK;HR;Executive;109006.26;17/04/2024
3528;Lucas Taylor;48;Brazil;Sales;Analyst;54720.26;3/06/2017
8081;Mason Moore;24;France;Finance;Analyst;50557.75;28/09/2021
5243;Emma Moore;56;Canada;Finance;Developer;51310.78;24/03/2016
10399;Lily Thomas;25;Brazil;Support;Developer;68491.75;28/02/2019
14796;Ava Martinez;39;Australia;HR;Manager;133029.25;1/02/2017
16613;Mason Martinez;53;India;HR;Executive;83776.27;28/09/2023
5414;Ava Anderson;45;Mexico;HR;Developer;45092.79;13/03/2022
24953;Lily Wilson;57;Mexico;Marketing;Manager;107634.9;20/10/2023
15146;Ava Martinez;43;France;Sales;Executive;126911.95;8/03/2016
6200;Mia Hernandez;58;Brazil;Sales;Consultant;53834.01;15/12/2017
6303;Logan Hernandez;34;Germany;Engineering;Manager;112261.2;21/08/2017
7210;Ethan Moore;39;Mexico;Sales;Manager;67767.72;26/10/2015
18969;Sophia Martinez;22;France;Engineering;Analyst;126351.14;17/06/2020
28844;Ava Thomas;34;Japan;Support;Consultant;77944.39;20/04/2017
1568;Ethan Wilson;33;Japan;Support;Assistant;64120.58;23/03/2019
12727;Mason Thomas;52;India;Marketing;Executive;89566.1;21/10/2017
8595;Ethan Hernandez;57;Japan;Marketing;Analyst;139685.3;25/08/2023
22746;Lily Taylor;58;Japan;Finance;Manager;132692.54;21/09/2016
24502;Mia Anderson;51;UK;Sales;Executive;65335.93;28/10/2018
17842;Lily Moore;56;Brazil;Marketing;Developer;93734.92;31/10/2015
25155;Ethan Taylor;40;France;Finance;Executive;144850.94;28/07/2023
25430;Ethan Brown;50;France;Support;Executive;95295.25;29/01/2022
11440;Lily Moore;29;USA;Support;Assistant;115851.27;5/03/2022
17916;Lily Jackson;32;UK;Support;Analyst;33466.26;11/12/2024
20182;Ethan Anderson;23;Brazil;HR;Manager;131269.88;27/12/2019
21348;Mason Hernandez;42;India;Sales;Consultant;139678.76;11/05/2023
15353;Emma Brown;46;Canada;Sales;Developer;118053.51;18/09/2015
14650;Mason Thomas;29;Australia;Engineering;Assistant;114815.08;10/09/2016
15576;Lily Moore;41;Australia;Finance;Assistant;83022.92;15/02/2018
27522;Mia Wilson;30;Japan;Support;Executive;107003.5;8/10/2021
2817;Daniel Martinez;42;Canada;HR;Developer;71269.91;20/03/2019
2471;Mia Anderson;29;USA;Support;Assistant;124365.73;22/01/2025
15217;Mason Wilson;40;Japan;Engineering;Analyst;143712.65;7/09/2016
27858;Daniel Wilson;45;Mexico;Marketing;Manager;30298.81;2/07/2016
25185;Logan Martinez;32;UK;Support;Consultant;149429.02;3/07/2019
8764;Ethan Wilson;51;Brazil;Engineering;Consultant;114535.26;17/06/2021
15676;Ava Hernandez;38;Australia;Support;Developer;144522.34;5/07/2017
17721;Mason Thomas;34;Brazil;Finance;Developer;47391.24;17/02/2019
14125;Emma Davis;30;Germany;Sales;Assistant;145212.85;13/11/2017
9261;Ava Thomas;22;Mexico;Marketing;Analyst;52917.8;24/05/2017
1856;Logan Thomas;37;India;Support;Manager;97455.69;25/02/2019
8416;Mason Brown;38;Germany;Finance;Analyst;111338.72;21/08/2017
28395;Mason Anderson;27;Japan;Finance;Assistant;72053;28/05/2020
25020;Emma Jackson;23;Japan;HR;Consultant;38943.28;19/12/2018
3903;Logan Anderson;23;Japan;Sales;Manager;32368.73;9/11/2019
23557;Sophia Jackson;48;Canada;Finance;Analyst;136515.18;13/02/2019
2402;Lily Wilson;51;France;Support;Assistant;74852.05;25/09/2023
18676;Ava Martinez;24;Mexico;Marketing;Consultant;90209.3;4/12/2024
12226;Mason Wilson;34;France;HR;Assistant;100656.19;22/09/2022
24865;Mia Hernandez;29;Japan;Support;Analyst;95441.07;10/06/2023
18840;Sophia Anderson;43;France;Sales;Manager;70337.75;12/12/2019
18782;Daniel Brown;33;Canada;Support;Consultant;78322.47;31/07/2022
17876;Ava Moore;37;Japan;Support;Analyst;81202.99;23/05/2024
15159;Lily Brown;23;India;Sales;Executive;106934.12;28/06/2018
18173;Daniel Hernandez;38;Germany;Support;Manager;56483.74;5/03/2017
25050;Mason Martinez;53;Canada;Marketing;Assistant;123698.9;25/10/2024
444;Lily Thomas;45;Mexico;Finance;Consultant;76444.62;26/04/2024
19719;Sophia Hernandez;38;France;Marketing;Manager;51771.9;15/11/2020
9650;Sophia Hernandez;48;Australia;Support;Analyst;63586.82;12/05/2017
13467;Ethan Thomas;26;UK;HR;Consultant;82376.5;13/10/2015
17069;Ava Hernandez;36;Brazil;Engineering;Executive;39285.36;29/01/2021
26825;Lily Moore;24;Brazil;Marketing;Consultant;45536.57;4/12/2023
21598;Lily Brown;27;Japan;Sales;Analyst;124813.19;26/08/2016
27062;Lucas Brown;23;UK;Finance;Executive;81241.25;2/05/2018
3520;Sophia Anderson;39;Brazil;Marketing;Analyst;33100.56;30/01/2016
25525;Daniel Thomas;47;India;Sales;Manager;96084.1;31/03/2021
5052;Logan Martinez;60;Mexico;HR;Assistant;38611.55;24/09/2017
16450;Mason Jackson;27;UK;Support;Analyst;57498.53;7/08/2023
23689;Lucas Davis;34;Mexico;Marketing;Manager;32959.1;7/10/2017
27399;Ava Thomas;36;Mexico;Sales;Assistant;116497.89;21/02/2025
7566;Mason Martinez;32;Australia;Engineering;Manager;147059.31;29/06/2023
19040;Ethan Moore;59;Japan;Engineering;Developer;30272.82;31/05/2019
27197;Lucas Anderson;57;Japan;Marketing;Developer;133153.76;21/03/2016
9087;Ava Martinez;59;Mexico;Support;Manager;135686.99;15/03/2021
8152;Daniel Thomas;38;France;HR;Manager;114929.89;25/06/2018
9399;Lucas Wilson;55;India;Marketing;Executive;60074.5;2/03/2019
12527;Lucas Martinez;40;UK;Engineering;Manager;145802.17;19/07/2020
8446;Sophia Hernandez;53;UK;Sales;Manager;80002.55;25/06/2016
23977;Sophia Wilson;50;Mexico;HR;Analyst;74060.48;20/08/2022
9025;Lucas Hernandez;56;Germany;Marketing;Assistant;145912.62;9/03/2018
11070;Ava Brown;52;India;Sales;Consultant;69924.77;21/06/2022
26095;Mason Taylor;33;India;Engineering;Executive;110184.3;6/01/2019
26966;Ava Jackson;40;Japan;Sales;Executive;125056.32;6/09/2019
9759;Ethan Taylor;33;Germany;Engineering;Executive;72029.16;18/07/2015
24970;Ethan Jackson;45;UK;Sales;Developer;56226.14;16/11/2023
12958;Mia Brown;40;Japan;Marketing;Consultant;124655.37;21/12/2020
5296;Mia Taylor;47;Canada;Marketing;Developer;93089.51;28/09/2023
17219;Daniel Moore;58;Brazil;HR;Assistant;133776.08;28/08/2019
12276;Emma Taylor;51;Mexico;Sales;Analyst;94965.36;1/06/2016
13265;Ethan Wilson;51;Canada;Finance;Manager;30489.95;11/11/2021
1360;Mason Brown;60;Brazil;Engineering;Executive;126910.52;19/09/2023
11491;Sophia Martinez;52;Australia;Sales;Analyst;79488.84;17/11/2022
17264;Ava Moore;42;Australia;HR;Consultant;107808.98;2/03/2022
18757;Ava Moore;46;Australia;Engineering;Analyst;63937.2;19/06/2020
29395;Ava Brown;60;Japan;HR;Developer;107235.42;4/07/2020
8955;Mia Thomas;41;Australia;Marketing;Manager;36613.29;11/12/2023
22504;Ethan Davis;52;USA;Sales;Executive;79956;15/08/2022
11041;Lily Martinez;28;Germany;Marketing;Executive;112100.74;13/09/2015
17957;Mason Wilson;54;Canada;Support;Executive;146240.69;21/01/2016
2211;Ava Martinez;44;Japan;Support;Analyst;112898.36;7/03/2016
1655;Lucas Davis;24;Australia;Finance;Assistant;106020.34;1/08/2018
17564;Mia Wilson;25;UK;HR;Assistant;50650.03;27/11/2022
22599;Logan Hernandez;59;Mexico;Finance;Executive;86991.58;1/05/2018
3769;Ethan Moore;29;Australia;Finance;Developer;57239.68;1/07/2021
16062;Emma Thomas;35;UK;Marketing;Analyst;141179.84;12/06/2019
27640;Sophia Martinez;27;Brazil;Support;Assistant;134994.22;18/12/2021
21901;Mason Taylor;22;USA;HR;Consultant;68709.08;17/05/2019
14495;Ava Taylor;51;UK;Marketing;Developer;47818.08;8/03/2025
10536;Mason Brown;29;Germany;Finance;Assistant;146400.04;9/06/2021
15943;Ethan Thomas;48;Germany;Support;Developer;110485.11;25/02/2020
2253;Lucas Anderson;37;Australia;Engineering;Manager;103650.01;5/05/2021
3291;Emma Martinez;32;Canada;HR;Manager;83468.89;18/01/2022
18826;Mia Brown;28;Canada;HR;Manager;77539.74;20/06/2021
18496;Logan Anderson;58;Germany;Support;Developer;113072.96;12/11/2019
25402;Logan Martinez;58;Mexico;HR;Consultant;98948.92;30/09/2018
20145;Lucas Martinez;22;Australia;Sales;Analyst;61207.27;15/02/2019
13145;Ava Martinez;49;UK;HR;Analyst;100807.84;12/04/2023
1879;Lily Moore;23;France;Engineering;Analyst;48425.46;3/05/2023
7943;Daniel Thomas;44;France;HR;Manager;135863.58;26/06/2020
4191;Mason Davis;39;USA;Support;Developer;135528.04;1/08/2024
24043;Ava Moore;25;India;HR;Developer;113308.3;3/09/2016
24785;Mason Anderson;37;Canada;HR;Manager;44276.84;12/06/2019
26517;Mason Martinez;28;Australia;Marketing;Consultant;72523.97;18/07/2024
27782;Mia Wilson;60;Japan;Finance;Executive;34480.81;20/11/2021
28204;Mia Taylor;29;France;Support;Analyst;148395.64;24/01/2016
17697;Lily Thomas;32;India;Sales;Developer;118995.07;11/06/2016
24233;Mason Hernandez;49;India;Marketing;Developer;87994.48;7/03/2022
19378;Emma Davis;36;Brazil;Finance;Manager;32302.54;26/06/2017
13198;Lily Hernandez;52;Germany;HR;Analyst;44797.92;20/09/2020
26787;Mia Wilson;30;India;Marketing;Consultant;67422.65;7/02/2021
19458;Lily Brown;22;Germany;Sales;Assistant;98604.34;31/01/2020
11496;Sophia Moore;47;Canada;Marketing;Consultant;84688.26;15/02/2025
4835;Daniel Taylor;52;India;Sales;Developer;110256.9;6/05/2016
8485;Mason Wilson;46;USA;Sales;Analyst;87787.67;17/05/2024
10948;Mia Thomas;28;Brazil;Support;Consultant;57296.16;6/03/2016
18720;Lily Martinez;41;Mexico;Marketing;Analyst;116385.07;10/09/2016
3272;Emma Hernandez;60;India;Sales;Analyst;115824.01;7/10/2021
27659;Daniel Martinez;29;Germany;HR;Assistant;61003.31;1/05/2023
5508;Ethan Anderson;37;India;Marketing;Executive;56989.14;16/06/2022
21689;Mason Martinez;55;Mexico;Engineering;Executive;66858.38;24/11/2016
7988;Ethan Wilson;48;Brazil;Finance;Consultant;57180.05;16/06/2022
26694;Emma Wilson;22;Japan;Support;Consultant;136504.13;3/03/2025
17870;Mason Hernandez;47;Mexico;HR;Analyst;143214.65;27/09/2021
9420;Emma Wilson;58;Canada;Support;Consultant;145001.92;21/07/2024
9616;Mia Anderson;24;Mexico;Engineering;Assistant;117375.21;20/06/2022
16339;Sophia Jackson;54;UK;Engineering;Developer;103569.85;7/08/2024
6955;Daniel Moore;47;France;Engineering;Developer;91185.8;5/08/2019
8053;Ava Taylor;56;Canada;Support;Consultant;47912.9;29/08/2020
3839;Mia Anderson;40;Germany;Support;Manager;64612.22;10/08/2023
20412;Sophia Wilson;28;USA;Finance;Assistant;140757.78;27/03/2017
1130;Ava Thomas;54;France;Support;Assistant;38232.63;24/12/2016
7142;Ethan Thomas;33;France;Sales;Manager;133066.32;4/11/2022
11323;Ethan Brown;28;USA;Marketing;Consultant;41561.8;6/08/2020
18687;Logan Davis;55;USA;Sales;Analyst;87355.88;30/10/2017
26355;Daniel Thomas;44;France;HR;Analyst;64743.83;13/09/2017
14754;Daniel Moore;37;Canada;Finance;Executive;82933.17;4/01/2022
3624;Emma Thomas;25;Mexico;Finance;Assistant;55559.73;8/05/2015
24629;Lily Hernandez;47;Mexico;HR;Executive;147198.82;7/11/2022
26552;Mia Thomas;52;India;Marketing;Manager;143774.5;5/07/2016
26884;Lily Moore;47;Canada;Marketing;Consultant;138327.76;8/06/2017
27739;Lily Wilson;37;Mexico;Marketing;Assistant;91650.59;24/06/2020
19015;Emma Hernandez;48;UK;Support;Consultant;101284.04;13/11/2021
22649;Mia Jackson;52;Canada;Finance;Executive;143235.42;25/06/2016
3641;Emma Brown;34;Germany;Sales;Analyst;113697.55;26/12/2016
13653;Ava Taylor;47;Canada;Finance;Assistant;94102.49;18/12/2017
26572;Ethan Wilson;23;UK;Finance;Developer;93298.67;23/07/2022
2301;Lucas Martinez;29;Brazil;Engineering;Developer;100977.78;9/09/2024
8993;Emma Brown;50;France;Finance;Manager;67350.59;16/07/2016
22127;Logan Taylor;55;Mexico;Finance;Consultant;92287.78;3/03/2023
29951;Mia Davis;36;Japan;Sales;Assistant;34427.87;17/05/2020
19756;Lily Wilson;60;Australia;Marketing;Executive;137408.74;31/03/2015
22140;Daniel Jackson;31;Australia;Support;Manager;148891.92;27/01/2021
15864;Daniel Wilson;45;Australia;Engineering;Executive;87201.9;1/06/2020
21414;Logan Taylor;23;Canada;Sales;Analyst;111222.15;28/02/2019
24230;Lily Jackson;54;UK;HR;Manager;110871.82;11/04/2017
20106;Emma Brown;53;Canada;Sales;Assistant;61059.88;28/10/2023
10486;Lily Taylor;34;UK;Sales;Assistant;30814.11;2/09/2019
13259;Mason Moore;53;USA;Support;Developer;137709.57;8/12/2015
11907;Logan Davis;25;Mexico;Engineering;Executive;51230.94;12/09/2017
19364;Mia Moore;57;India;Support;Manager;56863.63;23/04/2022
7518;Logan Thomas;58;UK;HR;Developer;40675.01;13/05/2022
21424;Lily Moore;46;Canada;Sales;Consultant;73682.2;11/12/2019
10790;Lucas Davis;27;UK;Marketing;Manager;131790.46;14/07/2024
7781;Ava Thomas;30;Japan;Marketing;Analyst;131659.14;13/05/2020
3422;Daniel Hernandez;22;France;Sales;Assistant;75123.68;31/03/2023
16563;Emma Hernandez;41;Mexico;Engineering;Consultant;135663.37;12/11/2021
13450;Sophia Taylor;22;Japan;Engineering;Executive;47243.96;13/09/2018
20804;Ava Anderson;55;Japan;Support;Analyst;66782.31;8/11/2016
14063;Sophia Thomas;33;India;Sales;Analyst;49877.35;11/10/2021
5595;Lily Martinez;35;Japan;HR;Manager;105890.55;16/03/2017
6977;Daniel Anderson;54;UK;Marketing;Consultant;87293.25;29/01/2023
4567;Lily Jackson;53;Australia;Support;Executive;69053.98;8/01/2019
21621;Logan Jackson;30;Brazil;Finance;Manager;147381.41;23/06/2024
14829;Daniel Martinez;48;USA;Sales;Developer;99732.83;29/07/2015
17259;Sophia Hernandez;34;USA;Support;Manager;110168.54;6/09/2021
20155;Mason Anderson;41;Mexico;Marketing;Consultant;82798.33;2/09/2023
27333;Mason Taylor;60;India;Engineering;Executive;131271.09;12/05/2021
4664;Lucas Moore;52;India;Engineering;Assistant;129440.97;11/09/2019
23611;Emma Taylor;46;Mexico;Engineering;Analyst;63729.25;1/07/2023
10085;Logan Anderson;50;Australia;Engineering;Analyst;58152.34;14/11/2015
12326;Lily Hernandez;51;Japan;HR;Manager;46098.84;24/02/2023
15948;Logan Brown;42;Brazil;Marketing;Developer;130282.16;20/10/2021
14822;Lily Thomas;57;India;Support;Manager;77991.38;6/02/2021
12682;Logan Moore;52;India;Support;Manager;121563.49;22/04/2018
7309;Mia Taylor;41;Canada;Finance;Developer;93999.4;30/04/2021
26279;Ethan Hernandez;33;Australia;HR;Analyst;52522.49;30/11/2016
16033;Ava Jackson;57;Canada;HR;Developer;65704.86;9/07/2023
3521;Sophia Hernandez;28;Canada;Marketing;Analyst;123213.22;30/12/2022
4700;Mia Moore;48;Canada;HR;Executive;104920.22;16/09/2022
22057;Daniel Martinez;34;Canada;Marketing;Analyst;95353.77;31/08/2016
18985;Mia Anderson;41;Brazil;HR;Executive;142867.27;6/08/2020
6247;Logan Martinez;44;Brazil;Finance;Consultant;54827.05;31/10/2015
28601;Lucas Brown;59;Germany;Finance;Manager;101556.09;29/08/2017
5108;Lily Taylor;30;Japan;Finance;Developer;83216.59;29/04/2023
17197;Mason Thomas;59;Brazil;Marketing;Developer;46951.21;29/06/2021
545;Ava Moore;59;Australia;HR;Manager;125781.53;31/05/2023
15240;Logan Anderson;27;Mexico;Finance;Consultant;47473.04;6/12/2018
22839;Mia Jackson;47;Australia;Sales;Assistant;135842.97;8/12/2015
3574;Daniel Taylor;35;Australia;Support;Analyst;104082.77;29/08/2017
14358;Emma Martinez;45;Mexico;Sales;Executive;49494.72;9/05/2019
10701;Mason Davis;30;Australia;Finance;Assistant;112211.61;20/02/2019
2412;Lily Wilson;48;USA;Finance;Executive;109798.61;12/04/2019
690;Mason Thomas;25;Canada;Engineering;Manager;102225.6;12/04/2023
26267;Ethan Wilson;27;Australia;Engineering;Assistant;57834.78;18/05/2021
28333;Sophia Thomas;41;India;HR;Analyst;41219.94;27/10/2022
26512;Sophia Brown;60;Germany;Support;Developer;91841.02;15/11/2016
17609;Lily Brown;45;Mexico;HR;Consultant;134455.84;25/03/2022
24826;Sophia Thomas;38;Canada;Support;Developer;75961.2;1/02/2019
16382;Daniel Taylor;25;Japan;Engineering;Developer;47153.62;25/07/2019
15655;Logan Wilson;42;Brazil;Support;Assistant;135781.16;12/07/2020
8209;Ava Taylor;22;Australia;Support;Executive;139816.65;12/12/2015
235;Lucas Jackson;41;Mexico;Support;Manager;122407.46;14/10/2018
22396;Ava Wilson;54;Australia;HR;Assistant;69666.94;21/01/2025
7030;Sophia Moore;48;USA;Support;Manager;85346.35;23/07/2018
24506;Ava Davis;43;Brazil;HR;Manager;55102.7;11/06/2016
9179;Ava Davis;37;France;HR;Manager;103959.52;5/06/2015
25701;Lily Anderson;49;Germany;Engineering;Assistant;101538.52;16/04/2017
4579;Sophia Moore;25;UK;Engineering;Assistant;81578.21;23/07/2017
18263;Lucas Anderson;58;India;Finance;Consultant;111029.24;25/05/2015
6404;Mason Hernandez;28;Brazil;Sales;Assistant;113654.75;10/05/2020
14124;Daniel Jackson;46;Australia;Finance;Developer;80045.23;5/10/2017
16169;Sophia Taylor;22;Australia;HR;Executive;92957.66;11/01/2016
12292;Lucas Moore;30;Australia;Finance;Developer;50010.24;8/01/2018
5104;Lucas Davis;37;Australia;Engineering;Manager;79069.09;22/11/2021
18274;Ethan Hernandez;26;India;Finance;Manager;101159;15/02/2024
11240;Emma Martinez;35;Germany;Sales;Executive;79990.61;22/10/2019
23948;Mia Moore;54;Brazil;Finance;Consultant;98365.62;10/05/2022
1995;Emma Thomas;57;Brazil;HR;Consultant;72263.61;13/11/2018
19955;Lucas Hernandez;52;USA;Support;Developer;41496.92;19/04/2015
16285;Lily Brown;22;Australia;Support;Executive;138702.52;29/06/2023
6111;Logan Anderson;51;Canada;Engineering;Developer;73503.54;8/10/2024
28120;Ethan Jackson;55;Canada;Marketing;Assistant;80785.53;8/06/2022
14067;Daniel Davis;23;USA;Sales;Executive;112183.3;31/12/2020
3182;Daniel Anderson;22;Brazil;Sales;Assistant;115072.05;11/11/2015
13425;Ethan Anderson;34;India;Sales;Manager;92722.66;26/06/2020
16267;Mason Brown;39;Australia;Support;Executive;89136.22;18/12/2016
25022;Mason Taylor;31;Canada;Engineering;Executive;50282.4;29/07/2018
17207;Ava Thomas;57;Brazil;Finance;Developer;102726.88;21/03/2018
18675;Ava Brown;49;France;Support;Consultant;108627.77;3/05/2015
6513;Mia Martinez;31;UK;Engineering;Developer;75066.32;3/08/2016
1490;Mia Thomas;58;France;Sales;Consultant;145564.94;6/04/2019
27516;Ava Martinez;37;India;Finance;Analyst;62498.48;4/11/2024
12819;Ava Moore;54;Brazil;Engineering;Developer;57830.38;7/07/2017
2761;Daniel Anderson;43;Mexico;HR;Consultant;67894.43;17/08/2016
26141;Mia Brown;45;Mexico;Finance;Executive;52615.28;10/04/2017
25406;Mia Anderson;22;India;HR;Assistant;138833.71;8/11/2019
14250;Logan Taylor;50;USA;Support;Executive;104450.93;12/09/2023
17255;Sophia Moore;35;Mexico;Finance;Developer;135097.22;18/05/2015
20744;Ethan Thomas;46;France;Finance;Assistant;141175.75;10/06/2017
412;Ethan Taylor;26;India;Marketing;Manager;56401.81;22/12/2018
14986;Ava Jackson;24;USA;Support;Assistant;34348.32;9/02/2020
1770;Lucas Taylor;60;Brazil;Sales;Developer;140074.14;25/09/2019
27286;Sophia Brown;29;Mexico;Support;Consultant;70020.26;1/12/2024
10800;Emma Wilson;30;Australia;Sales;Developer;58944.13;11/01/2017
6750;Mason Thomas;33;Australia;Engineering;Manager;144427.56;30/03/2016
24160;Mason Hernandez;28;Germany;Support;Consultant;64988.18;5/04/2021
15030;Ava Thomas;56;Australia;HR;Manager;131923.86;4/01/2016
3944;Logan Hernandez;57;Brazil;Marketing;Analyst;51745.19;6/07/2015
14660;Lucas Taylor;56;USA;HR;Manager;112411.82;3/09/2022
11425;Emma Brown;43;UK;Sales;Executive;146837.94;24/07/2017
7278;Mia Thomas;35;India;Marketing;Developer;85405.51;13/07/2021
9398;Lily Wilson;34;Germany;HR;Analyst;112806.99;25/06/2020
29233;Mia Brown;42;France;Marketing;Executive;66543.96;11/03/2023
17167;Lily Martinez;38;Mexico;Finance;Manager;133366.58;2/09/2019
14003;Mia Moore;23;UK;Sales;Consultant;74577.41;13/08/2022
25226;Sophia Moore;29;Canada;Marketing;Developer;97407.17;1/11/2016
24151;Lily Hernandez;51;UK;Support;Assistant;42923.74;8/11/2021
26409;Lily Davis;44;UK;Support;Consultant;76042.96;26/02/2021
5797;Emma Brown;49;India;HR;Manager;146774.5;23/02/2018
7845;Ava Davis;57;Japan;Support;Executive;125343.05;26/12/2017
20823;Ava Martinez;36;Australia;HR;Consultant;121106.69;1/04/2024
29211;Lily Thomas;43;Australia;Sales;Assistant;113642.34;9/12/2023
29341;Daniel Thomas;55;UK;Sales;Analyst;117592.31;23/05/2020
1301;Emma Wilson;39;Japan;Marketing;Analyst;142741.66;25/04/2018
18990;Ava Moore;39;France;Support;Consultant;101586.26;28/05/2016
28687;Ethan Davis;60;India;Engineering;Analyst;62476.95;15/09/2020
29040;Mason Martinez;33;Japan;Sales;Consultant;124096.2;24/12/2021
3542;Daniel Anderson;52;India;Engineering;Analyst;41840.39;16/10/2016
12995;Mason Hernandez;31;UK;Finance;Manager;116822.81;1/06/2021
1541;Lucas Thomas;26;Mexico;Sales;Manager;94163.5;4/01/2019
18139;Mason Brown;53;France;Sales;Consultant;68991.8;28/12/2015
16053;Mason Anderson;46;India;Marketing;Analyst;138707.26;26/06/2020
29356;Ava Wilson;53;Mexico;Engineering;Executive;36219.43;30/04/2024
15309;Ethan Jackson;44;France;Sales;Executive;130152.53;31/03/2019
17489;Daniel Davis;36;USA;Engineering;Executive;96444.47;19/03/2022
1167;Logan Thomas;40;Germany;Finance;Analyst;53010.38;11/10/2015
12274;Sophia Davis;49;France;Sales;Analyst;58647.64;13/04/2018
1883;Logan Jackson;29;UK;HR;Developer;76319.12;31/08/2023
25588;Ava Wilson;55;Japan;Engineering;Developer;56063.52;7/02/2022
17252;Sophia Taylor;46;Mexico;HR;Executive;41680.85;26/10/2024
12214;Ava Brown;23;India;Marketing;Executive;70016.22;18/05/2023
19796;Mia Anderson;43;Australia;Engineering;Manager;48148.46;11/03/2016
24139;Ethan Taylor;41;UK;Support;Consultant;35032.11;26/10/2022
15064;Sophia Moore;59;Mexico;HR;Manager;130822.75;22/05/2022
26892;Mia Brown;49;Germany;Finance;Assistant;107724.55;6/04/2017
14244;Ethan Martinez;25;USA;Support;Manager;133373.61;5/05/2024
10126;Lucas Wilson;24;USA;Engineering;Manager;139430.45;4/10/2021
17335;Mason Taylor;22;France;HR;Manager;47199.31;29/10/2024
11507;Lucas Brown;51;Brazil;Sales;Consultant;48962.39;27/11/2021
15080;Ethan Martinez;27;Mexico;Support;Consultant;121136.84;26/05/2021
2580;Ethan Thomas;50;India;Support;Analyst;89361.08;3/04/2017
5504;Mason Moore;49;Japan;Sales;Analyst;112147.76;19/11/2018
26403;Emma Thomas;35;Mexico;Marketing;Manager;88409.62;15/07/2016
25282;Mia Anderson;47;USA;HR;Manager;130873.07;24/05/2019
795;Sophia Thomas;30;India;Support;Developer;128856.87;15/08/2023
9877;Daniel Taylor;57;Brazil;Support;Executive;105847.09;11/01/2024
2957;Logan Brown;31;Australia;Marketing;Assistant;90229.01;17/03/2015
3055;Mia Jackson;57;Brazil;HR;Executive;72805.65;26/06/2017
29740;Logan Taylor;47;Brazil;Marketing;Executive;110785.86;6/08/2019
14797;Lily Taylor;31;UK;Sales;Manager;81076.76;20/04/2016
1118;Lily Taylor;39;Japan;Engineering;Developer;141699.27;27/05/2023
6403;Emma Moore;47;Brazil;HR;Consultant;138733.03;12/08/2018
13802;Logan Hernandez;52;Canada;Sales;Analyst;118454.02;1/10/2019
18306;Sophia Moore;59;Germany;HR;Executive;82388.17;12/11/2016
14605;Lucas Taylor;54;USA;Support;Consultant;70629.72;9/04/2019
25243;Lily Anderson;41;Japan;Engineering;Analyst;32620.07;23/07/2016
14190;Daniel Jackson;27;Australia;Support;Consultant;37734.46;1/08/2018
5982;Ethan Wilson;38;USA;Engineering;Executive;98093.92;2/02/2018
13230;Lily Jackson;40;Brazil;Engineering;Analyst;109246.33;4/07/2019
14440;Logan Taylor;22;Germany;Finance;Consultant;132376.83;11/05/2020
13046;Ava Hernandez;47;France;Finance;Consultant;138354.85;13/06/2016
8255;Lily Moore;23;USA;Engineering;Developer;86488.19;27/10/2022
8449;Sophia Taylor;36;Mexico;Sales;Assistant;90019.58;30/01/2016
22847;Ethan Martinez;46;Japan;Support;Manager;70138.07;20/04/2023
4950;Mason Moore;26;UK;Engineering;Assistant;62248.27;18/07/2016
16797;Lucas Hernandez;60;Mexico;Sales;Consultant;81469.56;11/12/2020
26944;Mason Anderson;45;France;HR;Executive;133399.64;12/01/2021
1664;Mia Martinez;38;Australia;HR;Developer;47193.03;10/05/2021
28639;Daniel Davis;31;France;Support;Analyst;35022.59;21/07/2018
17320;Mia Anderson;60;Brazil;Engineering;Consultant;43348.49;26/05/2017
4350;Logan Jackson;57;Canada;Sales;Developer;33449.73;9/10/2015
21591;Lucas Moore;31;USA;HR;Manager;145820.94;21/04/2017
20655;Ava Davis;41;Brazil;HR;Analyst;72865.31;25/03/2017
12997;Sophia Taylor;23;India;Finance;Analyst;123712.08;25/07/2020
19331;Mia Wilson;23;Mexico;Support;Developer;89159.61;4/09/2016
14557;Mia Taylor;46;India;Marketing;Developer;57395.86;25/11/2024
10432;Ethan Moore;26;USA;Engineering;Consultant;143340.31;5/05/2023
9895;Ava Anderson;39;Brazil;HR;Manager;66130.1;2/11/2024
12607;Ava Davis;38;Mexico;HR;Developer;99891.31;27/08/2021
24004;Mason Taylor;30;UK;Engineering;Analyst;36375.88;24/08/2023
3884;Emma Brown;47;UK;HR;Analyst;92801.66;1/01/2017
24462;Ethan Moore;43;France;Engineering;Executive;50292.25;2/01/2021
15232;Ethan Moore;31;USA;Finance;Assistant;139207.39;8/08/2022
23935;Daniel Brown;54;Japan;HR;Executive;86525.2;9/07/2023
17817;Daniel Wilson;26;Brazil;Engineering;Developer;97864.66;19/09/2020
843;Ava Hernandez;34;Germany;Engineering;Developer;93928.69;17/05/2022
2960;Emma Anderson;37;USA;HR;Analyst;137618.52;28/03/2024
29400;Ava Jackson;34;France;Marketing;Manager;89617.72;1/10/2018
1672;Mason Brown;52;Australia;Engineering;Executive;119137.67;8/07/2017
11644;Lucas Wilson;58;Mexico;Sales;Developer;88138.5;19/06/2017
2619;Mason Davis;47;USA;Finance;Assistant;41996.5;17/04/2022
16164;Mason Martinez;51;Japan;Marketing;Manager;34476.2;10/02/2025
23976;Ethan Davis;36;Mexico;Sales;Executive;56252.63;1/09/2018
10183;Logan Davis;33;Mexico;Engineering;Developer;59136.09;25/10/2023
978;Emma Taylor;55;Australia;Marketing;Executive;48056.8;25/10/2018
5696;Ava Jackson;36;UK;HR;Consultant;91244.82;17/10/2019
27290;Sophia Davis;42;Japan;Finance;Developer;75066.43;18/07/2019
9241;Mason Jackson;31;Japan;Sales;Consultant;47703.9;14/10/2015
6357;Ava Anderson;59;France;Sales;Manager;49678.5;18/01/2016
16350;Ethan Taylor;53;India;Sales;Consultant;82780.55;6/09/2018
3589;Emma Thomas;39;Japan;Sales;Developer;131183.21;24/11/2016
27416;Sophia Moore;54;Brazil;Finance;Consultant;124694.4;16/11/2022
3985;Lily Davis;47;Australia;Marketing;Manager;144879.72;13/11/2023
22329;Ava Martinez;54;Japan;Finance;Analyst;40462.49;29/12/2017
2095;Mason Davis;52;Mexico;Engineering;Manager;121779.52;2/04/2022
8788;Ava Jackson;57;Canada;HR;Executive;114767.93;12/11/2024
8440;Lucas Davis;55;India;Marketing;Manager;136820.25;18/12/2024
17010;Mason Taylor;48;Canada;Engineering;Manager;43766.05;2/06/2017
15787;Lucas Martinez;58;Japan;Finance;Consultant;78126.23;24/04/2018
28641;Ava Thomas;57;Canada;Support;Executive;82821.63;24/05/2015
24030;Emma Wilson;36;UK;Sales;Manager;123823.71;12/02/2024
8452;Logan Brown;53;France;Finance;Analyst;145181.93;27/09/2024
23864;Logan Anderson;42;Canada;Support;Analyst;45333;20/10/2018
25238;Mason Martinez;24;UK;HR;Manager;114802.61;10/12/2018
11921;Ava Moore;53;Mexico;Finance;Developer;102241.1;1/06/2024
5368;Emma Moore;32;UK;Sales;Consultant;123245.49;26/10/2022
29320;Mia Moore;28;Canada;Sales;Analyst;136971.59;6/05/2021
16077;Lily Brown;46;Mexico;Marketing;Consultant;30185.36;23/08/2016
16378;Daniel Jackson;42;Japan;HR;Executive;101386.35;10/10/2017
2139;Logan Jackson;60;Australia;Finance;Manager;119820.38;11/03/2019
5567;Lily Thomas;49;France;Marketing;Assistant;75129.72;2/11/2018
18861;Mia Jackson;23;Brazil;Sales;Executive;117426.66;30/01/2017
11148;Sophia Martinez;40;Japan;Sales;Manager;75606.52;19/04/2024
2023;Logan Hernandez;40;USA;Engineering;Developer;142170.83;7/10/2015
10395;Emma Anderson;30;Mexico;HR;Analyst;77914.96;14/03/2018
11930;Logan Wilson;25;USA;Marketing;Developer;146732.15;15/03/2019
9428;Mason Davis;24;Canada;Support;Manager;41178.7;16/04/2018
2262;Logan Moore;35;USA;Marketing;Manager;101556.64;12/07/2019
17705;Logan Davis;58;UK;HR;Developer;42507.46;10/05/2021
19137;Ava Martinez;23;France;Finance;Assistant;40912.79;5/08/2017
11348;Lily Wilson;39;Brazil;Sales;Consultant;41575.99;19/05/2024
11198;Daniel Brown;59;UK;Support;Manager;70067.13;13/01/2022
27923;Ethan Thomas;26;Brazil;Support;Executive;72378.3;23/05/2021
25599;Lucas Martinez;42;Australia;Sales;Consultant;121213.06;5/12/2019
14121;Mia Moore;26;India;Sales;Analyst;111950.03;15/11/2020
5927;Emma Moore;29;UK;HR;Developer;35430.66;10/08/2017
21371;Lily Thomas;49;France;Finance;Consultant;47002.48;19/06/2017
18915;Ava Martinez;24;Australia;Marketing;Assistant;70473.39;12/12/2015
26344;Ava Anderson;46;France;Marketing;Developer;87582.42;12/05/2017
9829;Logan Brown;45;Mexico;Finance;Manager;45498.95;19/04/2017
3215;Lucas Wilson;43;Australia;Support;Executive;143814.25;26/04/2024
12268;Lucas Hernandez;32;France;Engineering;Developer;50313.44;4/05/2019
24730;Daniel Thomas;27;Brazil;Marketing;Manager;125807.77;24/07/2024
9923;Emma Wilson;60;Germany;Support;Assistant;148275.66;16/06/2020
7667;Lily Hernandez;44;Germany;Sales;Consultant;102327.43;12/04/2022
11182;Emma Brown;53;France;Sales;Manager;38599.56;23/12/2020
28778;Emma Wilson;37;USA;Engineering;Assistant;138604.55;16/01/2019
11102;Ethan Thomas;34;Japan;Engineering;Analyst;93237.77;17/06/2016
19938;Sophia Hernandez;25;Mexico;Sales;Assistant;121018.34;7/02/2017
22774;Lily Martinez;36;UK;Finance;Consultant;138109.83;22/10/2023
7745;Emma Martinez;34;Mexico;Finance;Executive;64071.88;27/02/2023
6690;Lucas Brown;35;USA;Finance;Consultant;91387.15;8/10/2023
21775;Mia Thomas;34;Japan;HR;Assistant;129457.36;27/08/2015
3924;Lucas Thomas;43;UK;Marketing;Consultant;136732.35;31/05/2017
23401;Sophia Davis;26;USA;Finance;Manager;60597.49;12/10/2017
3994;Mia Martinez;39;Canada;Marketing;Analyst;95412.26;4/07/2016
10372;Logan Martinez;55;Brazil;HR;Analyst;48075.26;4/10/2017
23733;Daniel Thomas;36;Japan;Marketing;Developer;109266.7;2/12/2022
23249;Ethan Davis;30;Mexico;Marketing;Consultant;106180.48;11/05/2015
16579;Mason Taylor;35;France;Engineering;Manager;58472.98;24/02/2024
6046;Ava Brown;41;Germany;Engineering;Manager;88852.61;18/02/2017
4836;Ava Anderson;29;Brazil;Support;Assistant;78128.86;23/01/2021
16273;Lucas Martinez;53;Australia;Support;Manager;46226.64;24/01/2018
2844;Ava Brown;52;Brazil;Sales;Developer;104610.58;17/03/2015
22770;Sophia Wilson;46;Germany;Finance;Consultant;136125.54;4/09/2023
10835;Ava Davis;37;Japan;HR;Developer;36033.29;23/04/2016
19061;Daniel Thomas;59;Germany;Engineering;Analyst;34074.25;11/07/2017
17742;Daniel Brown;40;UK;Engineering;Consultant;138426.91;9/11/2019
15480;Mia Taylor;52;Japan;Engineering;Manager;32942.9;21/03/2020
22985;Ethan Jackson;53;Brazil;Finance;Executive;43885.02;24/05/2016
2882;Logan Anderson;50;UK;Sales;Developer;47493.39;28/09/2017
21877;Daniel Brown;40;Australia;Marketing;Executive;96566.39;4/01/2016
9582;Sophia Martinez;33;India;Finance;Analyst;89202.34;20/06/2021
29073;Sophia Moore;34;USA;HR;Executive;103336.43;30/09/2023
1038;Mia Taylor;48;Brazil;Marketing;Analyst;99172.04;24/03/2022
6134;Sophia Brown;55;France;Finance;Manager;136805.74;19/06/2016
26154;Ethan Wilson;59;Germany;Marketing;Manager;146574.5;2/02/2022
18146;Ava Thomas;50;Australia;HR;Manager;91769.72;18/05/2022
9745;Emma Jackson;59;France;Finance;Executive;143995.28;10/09/2019
10299;Ava Wilson;42;France;Engineering;Executive;96230.69;2/06/2024
15287;Sophia Jackson;40;Mexico;Marketing;Executive;89039.28;13/08/2024
6893;Mia Thomas;54;Japan;HR;Analyst;94483.12;6/11/2017
948;Emma Davis;36;India;Engineering;Developer;41829.91;9/04/2020
12243;Lily Taylor;51;Mexico;HR;Consultant;74604.2;10/07/2015
26122;Emma Martinez;48;Australia;Support;Manager;60900.9;26/10/2024
7644;Lily Brown;37;Japan;Engineering;Executive;127502.77;3/11/2023
18132;Emma Davis;59;Brazil;HR;Analyst;126985.48;8/12/2021
29130;Lucas Hernandez;36;UK;Marketing;Manager;110573.05;5/01/2024
21987;Ethan Moore;50;France;Marketing;Manager;43074.12;4/04/2024
20994;Lucas Jackson;23;Germany;Support;Manager;97952.71;28/02/2020
2183;Daniel Taylor;38;India;HR;Developer;74408.7;23/07/2017
28071;Lucas Moore;60;Japan;HR;Assistant;138452.97;23/02/2020
13515;Sophia Jackson;47;Australia;Support;Assistant;114376.03;22/03/2021
15001;Sophia Wilson;26;UK;HR;Developer;46729.31;8/12/2015
6215;Logan Taylor;44;Canada;Engineering;Consultant;121569.22;6/08/2018
6305;Mason Moore;41;USA;Marketing;Manager;124180.19;20/12/2016
16448;Ethan Wilson;55;Japan;HR;Developer;68290.41;4/08/2024
12705;Mason Martinez;25;France;Marketing;Manager;97403.63;7/12/2020
13509;Emma Moore;32;India;Sales;Consultant;129219.36;4/05/2019
2035;Mason Wilson;43;UK;Finance;Executive;37178.25;10/06/2023
6363;Lucas Brown;57;Brazil;Sales;Developer;108837.97;12/03/2022
21410;Mia Jackson;53;Germany;Engineering;Executive;131927.31;14/11/2017
20906;Ethan Anderson;24;France;Sales;Assistant;143023.73;24/06/2020
12975;Mia Davis;24;Japan;Support;Assistant;38325.85;11/10/2017
12285;Mason Anderson;34;India;Support;Assistant;70100.16;30/05/2018
7217;Emma Wilson;26;Germany;Finance;Executive;36310.34;3/12/2018
3767;Daniel Jackson;50;Brazil;HR;Assistant;142156.63;17/01/2025
3356;Ava Jackson;56;India;Sales;Analyst;81294.11;3/08/2020
15833;Daniel Thomas;36;France;Marketing;Consultant;144000.58;17/02/2018
21440;Logan Anderson;51;UK;Finance;Developer;58977.63;28/05/2017
8974;Ethan Martinez;50;France;Sales;Manager;87720.98;1/08/2019
22035;Mason Anderson;29;USA;HR;Executive;138725.26;12/11/2020
1284;Ethan Brown;31;USA;Finance;Analyst;116625.32;1/01/2023
15631;Ava Martinez;41;India;Marketing;Analyst;89890.68;14/07/2018
207;Lucas Anderson;48;France;Sales;Developer;37989.31;11/07/2018
7355;Ava Jackson;31;USA;Support;Analyst;138888.27;15/12/2019
3209;Logan Davis;56;UK;HR;Assistant;138433.47;3/04/2020
5785;Lucas Hernandez;46;Australia;Sales;Consultant;122482.91;31/12/2017
26805;Mason Anderson;23;Australia;Sales;Assistant;94961.83;26/01/2023
12683;Emma Moore;43;Australia;HR;Assistant;112966.83;21/06/2023
29786;Sophia Thomas;43;Brazil;Sales;Consultant;136715.71;28/12/2022
4430;Sophia Hernandez;59;Brazil;Engineering;Consultant;79516.17;16/10/2016
2541;Logan Taylor;57;India;Sales;Executive;77046.86;6/05/2024
20932;Mason Thomas;25;Canada;HR;Developer;59222.24;5/03/2025
21155;Emma Taylor;35;USA;Sales;Assistant;49131.52;31/08/2019
13788;Daniel Wilson;25;Australia;HR;Assistant;147255.43;28/11/2021
20909;Daniel Thomas;44;France;HR;Analyst;47128.36;7/11/2019
14532;Emma Brown;34;UK;Support;Developer;107537.39;10/04/2023
15221;Sophia Jackson;38;Germany;Engineering;Manager;103925.46;18/10/2015
3225;Logan Wilson;24;UK;Finance;Analyst;116898.23;28/04/2021
1354;Daniel Anderson;49;Australia;Finance;Executive;89674.67;27/06/2019
5660;Lily Wilson;27;Canada;Sales;Manager;61666.08;11/11/2022
277;Mason Thomas;29;Brazil;Engineering;Assistant;149097.92;14/08/2021
8160;Ava Hernandez;29;India;Support;Analyst;135972.12;24/07/2020
3538;Lily Davis;25;India;Finance;Analyst;119223.36;2/05/2017
23176;Mason Davis;26;Mexico;Marketing;Analyst;59553.78;11/08/2023
21103;Ethan Wilson;32;France;Finance;Assistant;69729.87;23/11/2017
27157;Ava Martinez;57;UK;Finance;Executive;93140.73;29/08/2016
15793;Ava Martinez;43;Canada;Engineering;Manager;64698.9;28/04/2015
9094;Daniel Brown;52;Australia;Finance;Developer;121741.58;25/02/2018
27967;Mason Taylor;49;Canada;Marketing;Manager;54516.87;11/07/2020
29458;Lucas Hernandez;28;Brazil;Marketing;Assistant;143622.38;9/09/2015
22324;Logan Wilson;57;Australia;Finance;Manager;74797;23/03/2016
19007;Sophia Wilson;35;Brazil;Support;Manager;104410.32;2/07/2022
24112;Mason Thomas;37;Japan;HR;Assistant;56369.97;13/03/2015
6088;Sophia Anderson;25;USA;Sales;Executive;50111.85;20/05/2018
20490;Lucas Brown;35;France;Marketing;Manager;82329;27/09/2015
17921;Ethan Wilson;54;Australia;HR;Manager;146204.39;19/07/2015
8289;Logan Davis;42;USA;Marketing;Consultant;106514.17;13/07/2021
688;Lily Wilson;36;Germany;Support;Analyst;74041.75;24/10/2015
18246;Mia Martinez;24;UK;Engineering;Consultant;114034.94;29/07/2015
8906;Lily Davis;38;Australia;Finance;Consultant;111172.25;11/02/2023
22819;Logan Anderson;48;Brazil;Marketing;Executive;147423.34;16/08/2018
29702;Emma Hernandez;38;India;Sales;Consultant;106066.3;20/02/2021
6987;Mason Jackson;59;France;Engineering;Analyst;131001.76;20/01/2018
9318;Mason Brown;43;Australia;Finance;Analyst;100207.31;9/05/2016
14812;Emma Hernandez;28;Brazil;Finance;Executive;145047.51;14/07/2021
23903;Emma Martinez;30;France;HR;Consultant;146489.9;17/05/2024
3024;Sophia Anderson;31;France;Finance;Assistant;57191.87;24/10/2017
12060;Lily Taylor;54;France;Finance;Manager;76799.1;1/09/2020
642;Emma Brown;41;Japan;HR;Executive;41629.26;25/04/2022
5697;Logan Taylor;36;UK;Marketing;Executive;115753.75;25/01/2025